--
-- PostgreSQL database dump
--

-- Dumped from database version 11.16 (Debian 11.16-0+deb10u1)
-- Dumped by pg_dump version 14.2

-- Started on 2023-02-02 12:35:53

SET statement_timeout = 0;
SET lock_timeout = 0;
SET idle_in_transaction_session_timeout = 0;
SET client_encoding = 'UTF8';
SET standard_conforming_strings = on;
SELECT pg_catalog.set_config('search_path', '', false);
SET check_function_bodies = false;
SET xmloption = content;
SET client_min_messages = warning;
SET row_security = off;

DROP DATABASE "Backend_2022_G2";
--
-- TOC entry 3314 (class 1262 OID 192323)
-- Name: Backend_2022_G2; Type: DATABASE; Schema: -; Owner: -
--

CREATE DATABASE "Backend_2022_G2" WITH TEMPLATE = template0 ENCODING = 'UTF8' LOCALE = 'en_US.UTF-8';


\connect "Backend_2022_G2"

SET statement_timeout = 0;
SET lock_timeout = 0;
SET idle_in_transaction_session_timeout = 0;
SET client_encoding = 'UTF8';
SET standard_conforming_strings = on;
SELECT pg_catalog.set_config('search_path', '', false);
SET check_function_bodies = false;
SET xmloption = content;
SET client_min_messages = warning;
SET row_security = off;

--
-- TOC entry 3 (class 2615 OID 2200)
-- Name: public; Type: SCHEMA; Schema: -; Owner: -
--

CREATE SCHEMA public;


--
-- TOC entry 3315 (class 0 OID 0)
-- Dependencies: 3
-- Name: SCHEMA public; Type: COMMENT; Schema: -; Owner: -
--

COMMENT ON SCHEMA public IS 'standard public schema';


--
-- TOC entry 260 (class 1255 OID 194186)
-- Name: update_modified_column(); Type: FUNCTION; Schema: public; Owner: -
--

CREATE FUNCTION public.update_modified_column() RETURNS trigger
    LANGUAGE plpgsql
    AS $$
BEGIN
    NEW.bok_modified_date = now();
    RETURN NEW;
END;
$$;


SET default_tablespace = '';

--
-- TOC entry 229 (class 1259 OID 202597)
-- Name: booking; Type: TABLE; Schema: public; Owner: -
--

CREATE TABLE public.booking (
    bok_id integer NOT NULL,
    bok_cli_id integer NOT NULL,
    bok_htl_id integer NOT NULL,
    bok_rom_number character varying(15) NOT NULL,
    bok_entry_date date NOT NULL,
    bok_departure_date date,
    bok_comments character varying(255),
    bok_created_by_user character varying(255),
    bok_created_date timestamp without time zone DEFAULT CURRENT_TIMESTAMP,
    bok_modified_date timestamp without time zone,
    bok_status_code character varying(2) DEFAULT 'A'::character varying NOT NULL,
    bok_soffer_id integer,
    bok_final_billing numeric(10,2)
);


--
-- TOC entry 228 (class 1259 OID 202595)
-- Name: booking_bok_id_seq; Type: SEQUENCE; Schema: public; Owner: -
--

ALTER TABLE public.booking ALTER COLUMN bok_id ADD GENERATED BY DEFAULT AS IDENTITY (
    SEQUENCE NAME public.booking_bok_id_seq
    START WITH 1
    INCREMENT BY 1
    NO MINVALUE
    NO MAXVALUE
    CACHE 1
);


--
-- TOC entry 247 (class 1259 OID 202767)
-- Name: booking_details; Type: TABLE; Schema: public; Owner: -
--

CREATE TABLE public.booking_details (
    bok_det_id integer NOT NULL,
    bok_det_bok_id integer NOT NULL,
    bok_det_type integer NOT NULL,
    bok_det_price numeric(10,2) NOT NULL,
    bok_det_nominal_price numeric(10,2) NOT NULL,
    bok_det_discount_reason character varying(120),
    bok_det_date date NOT NULL,
    bok_det_paid boolean DEFAULT false NOT NULL
);


--
-- TOC entry 246 (class 1259 OID 202765)
-- Name: booking_details_bok_det_id_seq; Type: SEQUENCE; Schema: public; Owner: -
--

ALTER TABLE public.booking_details ALTER COLUMN bok_det_id ADD GENERATED BY DEFAULT AS IDENTITY (
    SEQUENCE NAME public.booking_details_bok_det_id_seq
    START WITH 1
    INCREMENT BY 1
    NO MINVALUE
    NO MAXVALUE
    CACHE 1
);


--
-- TOC entry 231 (class 1259 OID 202629)
-- Name: booking_guest; Type: TABLE; Schema: public; Owner: -
--

CREATE TABLE public.booking_guest (
    bog_id integer NOT NULL,
    bog_bok_id integer,
    bog_cli_id integer
);


--
-- TOC entry 230 (class 1259 OID 202627)
-- Name: booking_guest_bog_id_seq; Type: SEQUENCE; Schema: public; Owner: -
--

ALTER TABLE public.booking_guest ALTER COLUMN bog_id ADD GENERATED BY DEFAULT AS IDENTITY (
    SEQUENCE NAME public.booking_guest_bog_id_seq
    START WITH 1
    INCREMENT BY 1
    NO MINVALUE
    NO MAXVALUE
    CACHE 1
);


--
-- TOC entry 259 (class 1259 OID 202870)
-- Name: cancellations; Type: TABLE; Schema: public; Owner: -
--

CREATE TABLE public.cancellations (
    can_id integer NOT NULL,
    can_htl_id integer NOT NULL,
    can_rtyp integer NOT NULL,
    can_sea_id integer NOT NULL,
    can_days_to_bok integer NOT NULL,
    can_nights_to_pay integer NOT NULL
);


--
-- TOC entry 258 (class 1259 OID 202868)
-- Name: cancellations_can_id_seq; Type: SEQUENCE; Schema: public; Owner: -
--

ALTER TABLE public.cancellations ALTER COLUMN can_id ADD GENERATED BY DEFAULT AS IDENTITY (
    SEQUENCE NAME public.cancellations_can_id_seq
    START WITH 1
    INCREMENT BY 1
    NO MINVALUE
    NO MAXVALUE
    CACHE 1
);


--
-- TOC entry 219 (class 1259 OID 202526)
-- Name: client; Type: TABLE; Schema: public; Owner: -
--

CREATE TABLE public.client (
    cli_id integer NOT NULL,
    cli_name character varying(30) NOT NULL,
    cli_surname1 character varying(30) NOT NULL,
    cli_surname2 character varying(30),
    cli_birthday date NOT NULL,
    cli_identification character varying(20) NOT NULL,
    cli_phone character varying(20),
    cli_email character varying(150),
    cli_email_subscription boolean DEFAULT true,
    CONSTRAINT ck_client_cli_name CHECK ((ltrim(rtrim((cli_name)::text)) <> ''::text)),
    CONSTRAINT ck_client_cli_surname1 CHECK ((ltrim(rtrim((cli_surname1)::text)) <> ''::text))
);


--
-- TOC entry 218 (class 1259 OID 202524)
-- Name: client_cli_id_seq; Type: SEQUENCE; Schema: public; Owner: -
--

ALTER TABLE public.client ALTER COLUMN cli_id ADD GENERATED BY DEFAULT AS IDENTITY (
    SEQUENCE NAME public.client_cli_id_seq
    START WITH 1
    INCREMENT BY 1
    NO MINVALUE
    NO MAXVALUE
    CACHE 1
);


--
-- TOC entry 255 (class 1259 OID 202836)
-- Name: dates_season; Type: TABLE; Schema: public; Owner: -
--

CREATE TABLE public.dates_season (
    dts_id integer NOT NULL,
    dts_htl_id integer NOT NULL,
    dts_start_date date NOT NULL,
    dts_end_date date NOT NULL,
    dts_sea_id integer NOT NULL,
    dts_comments character varying(200)
);


--
-- TOC entry 254 (class 1259 OID 202834)
-- Name: dates_season_dts_id_seq; Type: SEQUENCE; Schema: public; Owner: -
--

ALTER TABLE public.dates_season ALTER COLUMN dts_id ADD GENERATED BY DEFAULT AS IDENTITY (
    SEQUENCE NAME public.dates_season_dts_id_seq
    START WITH 1
    INCREMENT BY 1
    NO MINVALUE
    NO MAXVALUE
    CACHE 1
);


--
-- TOC entry 241 (class 1259 OID 202714)
-- Name: details_type; Type: TABLE; Schema: public; Owner: -
--

CREATE TABLE public.details_type (
    det_id integer NOT NULL,
    det_code character varying(5) NOT NULL,
    det_description character varying(200),
    det_direct_payment boolean DEFAULT false NOT NULL
);


--
-- TOC entry 240 (class 1259 OID 202712)
-- Name: details_type_det_id_seq; Type: SEQUENCE; Schema: public; Owner: -
--

ALTER TABLE public.details_type ALTER COLUMN det_id ADD GENERATED BY DEFAULT AS IDENTITY (
    SEQUENCE NAME public.details_type_det_id_seq
    START WITH 1
    INCREMENT BY 1
    NO MINVALUE
    NO MAXVALUE
    CACHE 1
);


--
-- TOC entry 245 (class 1259 OID 202749)
-- Name: details_type_hotel; Type: TABLE; Schema: public; Owner: -
--

CREATE TABLE public.details_type_hotel (
    dhtl_htl_id integer NOT NULL,
    dhtl_det_id integer NOT NULL,
    dhtl_active boolean DEFAULT true NOT NULL
);


--
-- TOC entry 235 (class 1259 OID 202660)
-- Name: employee; Type: TABLE; Schema: public; Owner: -
--

CREATE TABLE public.employee (
    emp_id integer NOT NULL,
    emp_etyp_id integer,
    emp_name character varying(30) NOT NULL,
    emp_surname1 character varying(30) NOT NULL,
    emp_surname2 character varying(30),
    emp_birth_date date,
    emp_address character varying(150),
    emp_bank_account character varying(40) NOT NULL,
    emp_identification character varying(20) NOT NULL,
    emp_email character varying(150),
    emp_phone character varying(20) NOT NULL,
    emp_htl_id integer,
    emp_created_date timestamp without time zone DEFAULT CURRENT_TIMESTAMP,
    emp_usr_user character varying(50)
);


--
-- TOC entry 239 (class 1259 OID 202702)
-- Name: employee_clock; Type: TABLE; Schema: public; Owner: -
--

CREATE TABLE public.employee_clock (
    emp_clk_id integer NOT NULL,
    emp_clk_emp_id integer NOT NULL,
    emp_clk_in timestamp without time zone,
    emp_clk_out timestamp without time zone
);


--
-- TOC entry 238 (class 1259 OID 202700)
-- Name: employee_clock_emp_clk_id_seq; Type: SEQUENCE; Schema: public; Owner: -
--

ALTER TABLE public.employee_clock ALTER COLUMN emp_clk_id ADD GENERATED BY DEFAULT AS IDENTITY (
    SEQUENCE NAME public.employee_clock_emp_clk_id_seq
    START WITH 1
    INCREMENT BY 1
    NO MINVALUE
    NO MAXVALUE
    CACHE 1
);


--
-- TOC entry 234 (class 1259 OID 202658)
-- Name: employee_emp_id_seq; Type: SEQUENCE; Schema: public; Owner: -
--

ALTER TABLE public.employee ALTER COLUMN emp_id ADD GENERATED BY DEFAULT AS IDENTITY (
    SEQUENCE NAME public.employee_emp_id_seq
    START WITH 1
    INCREMENT BY 1
    NO MINVALUE
    NO MAXVALUE
    CACHE 1
);


--
-- TOC entry 237 (class 1259 OID 202690)
-- Name: employee_schedule; Type: TABLE; Schema: public; Owner: -
--

CREATE TABLE public.employee_schedule (
    emp_sch_id integer NOT NULL,
    emp_sch_emp_id integer NOT NULL,
    emp_sch_day date NOT NULL,
    emp_sch_turn_in time without time zone NOT NULL,
    emp_sch_turn_out time without time zone NOT NULL,
    emp_sch_turn_extra character varying(20),
    emp_sch_comments character varying(50)
);


--
-- TOC entry 236 (class 1259 OID 202688)
-- Name: employee_schedule_emp_sch_id_seq; Type: SEQUENCE; Schema: public; Owner: -
--

ALTER TABLE public.employee_schedule ALTER COLUMN emp_sch_id ADD GENERATED BY DEFAULT AS IDENTITY (
    SEQUENCE NAME public.employee_schedule_emp_sch_id_seq
    START WITH 1
    INCREMENT BY 1
    NO MINVALUE
    NO MAXVALUE
    CACHE 1
);


--
-- TOC entry 233 (class 1259 OID 202646)
-- Name: employee_type; Type: TABLE; Schema: public; Owner: -
--

CREATE TABLE public.employee_type (
    etyp_id integer NOT NULL,
    etyp_name character varying(50) NOT NULL,
    etyp_desc character varying(255),
    etyp_role_id integer
);


--
-- TOC entry 232 (class 1259 OID 202644)
-- Name: employee_type_etyp_id_seq; Type: SEQUENCE; Schema: public; Owner: -
--

ALTER TABLE public.employee_type ALTER COLUMN etyp_id ADD GENERATED BY DEFAULT AS IDENTITY (
    SEQUENCE NAME public.employee_type_etyp_id_seq
    START WITH 1
    INCREMENT BY 1
    NO MINVALUE
    NO MAXVALUE
    CACHE 1
);


--
-- TOC entry 215 (class 1259 OID 202503)
-- Name: hotel; Type: TABLE; Schema: public; Owner: -
--

CREATE TABLE public.hotel (
    htl_id integer NOT NULL,
    htl_name character varying(100) NOT NULL,
    htl_city character varying(50),
    htl_address character varying(255),
    htl_zip_code character varying(20),
    htl_email character varying(150),
    htl_phone character varying(20),
    htl_stars integer,
    htl_latitude character varying(30),
    htl_longitude character varying(30),
    CONSTRAINT ck_hotel_htl_name CHECK ((ltrim(rtrim((htl_name)::text)) <> ''::text))
);


--
-- TOC entry 214 (class 1259 OID 202501)
-- Name: hotel_htl_id_seq; Type: SEQUENCE; Schema: public; Owner: -
--

ALTER TABLE public.hotel ALTER COLUMN htl_id ADD GENERATED BY DEFAULT AS IDENTITY (
    SEQUENCE NAME public.hotel_htl_id_seq
    START WITH 1
    INCREMENT BY 1
    NO MINVALUE
    NO MAXVALUE
    CACHE 1
);


--
-- TOC entry 257 (class 1259 OID 202853)
-- Name: offers; Type: TABLE; Schema: public; Owner: -
--

CREATE TABLE public.offers (
    ofe_id integer NOT NULL,
    ofe_day date NOT NULL,
    ofe_htl_id integer NOT NULL,
    ofe_rom_typ_id integer NOT NULL,
    ofe_night_price numeric(10,2) NOT NULL
);


--
-- TOC entry 256 (class 1259 OID 202851)
-- Name: offers_ofe_id_seq; Type: SEQUENCE; Schema: public; Owner: -
--

ALTER TABLE public.offers ALTER COLUMN ofe_id ADD GENERATED BY DEFAULT AS IDENTITY (
    SEQUENCE NAME public.offers_ofe_id_seq
    START WITH 1
    INCREMENT BY 1
    NO MINVALUE
    NO MAXVALUE
    CACHE 1
);


--
-- TOC entry 249 (class 1259 OID 202785)
-- Name: picture; Type: TABLE; Schema: public; Owner: -
--

CREATE TABLE public.picture (
    pic_id integer NOT NULL,
    pic_name character varying(50) NOT NULL,
    pic_desc character varying(255),
    pic bytea NOT NULL,
    pic_htl_id integer,
    pic_rom_typ integer
);


--
-- TOC entry 248 (class 1259 OID 202783)
-- Name: picture_pic_id_seq; Type: SEQUENCE; Schema: public; Owner: -
--

ALTER TABLE public.picture ALTER COLUMN pic_id ADD GENERATED BY DEFAULT AS IDENTITY (
    SEQUENCE NAME public.picture_pic_id_seq
    START WITH 1
    INCREMENT BY 1
    NO MINVALUE
    NO MAXVALUE
    CACHE 1
);


--
-- TOC entry 222 (class 1259 OID 202545)
-- Name: room; Type: TABLE; Schema: public; Owner: -
--

CREATE TABLE public.room (
    rom_htl_id integer NOT NULL,
    rom_number character varying(15) NOT NULL,
    rom_typ_id integer NOT NULL,
    rom_rsts_id integer,
    rom_status_start date,
    rom_status_end date,
    CONSTRAINT ck_room_rom_number CHECK ((ltrim(rtrim((rom_number)::text)) <> ''::text))
);


--
-- TOC entry 221 (class 1259 OID 202540)
-- Name: room_status; Type: TABLE; Schema: public; Owner: -
--

CREATE TABLE public.room_status (
    rsts_id integer NOT NULL,
    rsts_status character varying(50) NOT NULL,
    rsts_description character varying(100)
);


--
-- TOC entry 251 (class 1259 OID 202805)
-- Name: room_status_record; Type: TABLE; Schema: public; Owner: -
--

CREATE TABLE public.room_status_record (
    rsr_id integer NOT NULL,
    rsr_htl_id integer NOT NULL,
    rsr_rom_number character varying(15) NOT NULL,
    rsr_rom_rsts_id integer,
    rsr_rom_status_date date NOT NULL
);


--
-- TOC entry 250 (class 1259 OID 202803)
-- Name: room_status_record_rsr_id_seq; Type: SEQUENCE; Schema: public; Owner: -
--

ALTER TABLE public.room_status_record ALTER COLUMN rsr_id ADD GENERATED BY DEFAULT AS IDENTITY (
    SEQUENCE NAME public.room_status_record_rsr_id_seq
    START WITH 1
    INCREMENT BY 1
    NO MINVALUE
    NO MAXVALUE
    CACHE 1
);


--
-- TOC entry 220 (class 1259 OID 202538)
-- Name: room_status_rsts_id_seq; Type: SEQUENCE; Schema: public; Owner: -
--

ALTER TABLE public.room_status ALTER COLUMN rsts_id ADD GENERATED BY DEFAULT AS IDENTITY (
    SEQUENCE NAME public.room_status_rsts_id_seq
    START WITH 1
    INCREMENT BY 1
    NO MINVALUE
    NO MAXVALUE
    CACHE 1
);


--
-- TOC entry 217 (class 1259 OID 202516)
-- Name: room_type; Type: TABLE; Schema: public; Owner: -
--

CREATE TABLE public.room_type (
    rtyp_id integer NOT NULL,
    rtyp_name character varying(20) NOT NULL,
    rtyp_bed_number integer NOT NULL,
    rtyp_base_price numeric(10,2) NOT NULL,
    rtyp_capacity integer NOT NULL,
    CONSTRAINT ck_room_type_rtyp_name CHECK ((ltrim(rtrim((rtyp_name)::text)) <> ''::text))
);


--
-- TOC entry 216 (class 1259 OID 202514)
-- Name: room_type_rtyp_id_seq; Type: SEQUENCE; Schema: public; Owner: -
--

ALTER TABLE public.room_type ALTER COLUMN rtyp_id ADD GENERATED BY DEFAULT AS IDENTITY (
    SEQUENCE NAME public.room_type_rtyp_id_seq
    START WITH 1
    INCREMENT BY 1
    NO MINVALUE
    NO MAXVALUE
    CACHE 1
);


--
-- TOC entry 253 (class 1259 OID 202827)
-- Name: season; Type: TABLE; Schema: public; Owner: -
--

CREATE TABLE public.season (
    sea_id integer NOT NULL,
    sea_name character varying(30),
    sea_multiplier integer
);


--
-- TOC entry 252 (class 1259 OID 202825)
-- Name: season_sea_id_seq; Type: SEQUENCE; Schema: public; Owner: -
--

ALTER TABLE public.season ALTER COLUMN sea_id ADD GENERATED BY DEFAULT AS IDENTITY (
    SEQUENCE NAME public.season_sea_id_seq
    START WITH 1
    INCREMENT BY 1
    NO MINVALUE
    NO MAXVALUE
    CACHE 1
);


--
-- TOC entry 226 (class 1259 OID 202577)
-- Name: special_offer; Type: TABLE; Schema: public; Owner: -
--

CREATE TABLE public.special_offer (
    sofr_id integer NOT NULL,
    sofr_active_start date,
    sofr_active_end date,
    sofr_active boolean DEFAULT true NOT NULL,
    sofr_stackable boolean DEFAULT false NOT NULL
);


--
-- TOC entry 227 (class 1259 OID 202584)
-- Name: special_offer_code; Type: TABLE; Schema: public; Owner: -
--

CREATE TABLE public.special_offer_code (
    ofcd_sofr_id integer NOT NULL,
    ofcd_code character varying(15) NOT NULL,
    ofcd_active_start date,
    ofcd_active_end date,
    ofcd_active boolean DEFAULT true NOT NULL
);


--
-- TOC entry 244 (class 1259 OID 202739)
-- Name: special_offer_condition; Type: TABLE; Schema: public; Owner: -
--

CREATE TABLE public.special_offer_condition (
    socd_id integer NOT NULL,
    socd_sofr_id integer NOT NULL,
    socd_htl_id integer,
    socd_typ_id integer,
    socd_nights integer,
    socd_start date,
    socd_end date
);


--
-- TOC entry 243 (class 1259 OID 202737)
-- Name: special_offer_condition_socd_id_seq; Type: SEQUENCE; Schema: public; Owner: -
--

ALTER TABLE public.special_offer_condition ALTER COLUMN socd_id ADD GENERATED BY DEFAULT AS IDENTITY (
    SEQUENCE NAME public.special_offer_condition_socd_id_seq
    START WITH 1
    INCREMENT BY 1
    NO MINVALUE
    NO MAXVALUE
    CACHE 1
);


--
-- TOC entry 242 (class 1259 OID 202722)
-- Name: special_offer_product; Type: TABLE; Schema: public; Owner: -
--

CREATE TABLE public.special_offer_product (
    sopt_det_id integer NOT NULL,
    sopt_sofr_id integer NOT NULL,
    sopt_percent numeric(10,2),
    sopt_flat numeric(10,2),
    sopt_swap numeric(10,2)
);


--
-- TOC entry 225 (class 1259 OID 202575)
-- Name: special_offer_sofr_id_seq; Type: SEQUENCE; Schema: public; Owner: -
--

ALTER TABLE public.special_offer ALTER COLUMN sofr_id ADD GENERATED BY DEFAULT AS IDENTITY (
    SEQUENCE NAME public.special_offer_sofr_id_seq
    START WITH 1
    INCREMENT BY 1
    NO MINVALUE
    NO MAXVALUE
    CACHE 1
);


--
-- TOC entry 224 (class 1259 OID 202568)
-- Name: status_booking; Type: TABLE; Schema: public; Owner: -
--

CREATE TABLE public.status_booking (
    sta_bok_id integer NOT NULL,
    sta_bok_code character varying(2) NOT NULL,
    sta_bok_description character varying(200)
);


--
-- TOC entry 223 (class 1259 OID 202566)
-- Name: status_booking_sta_bok_id_seq; Type: SEQUENCE; Schema: public; Owner: -
--

ALTER TABLE public.status_booking ALTER COLUMN sta_bok_id ADD GENERATED BY DEFAULT AS IDENTITY (
    SEQUENCE NAME public.status_booking_sta_bok_id_seq
    START WITH 1
    INCREMENT BY 1
    NO MINVALUE
    NO MAXVALUE
    CACHE 1
);


--
-- TOC entry 209 (class 1259 OID 202469)
-- Name: ti18n; Type: TABLE; Schema: public; Owner: -
--

CREATE TABLE public.ti18n (
    id_i18n integer NOT NULL,
    class_name character varying(150),
    i18n_description character varying(250)
);


--
-- TOC entry 208 (class 1259 OID 202467)
-- Name: ti18n_id_i18n_seq; Type: SEQUENCE; Schema: public; Owner: -
--

ALTER TABLE public.ti18n ALTER COLUMN id_i18n ADD GENERATED BY DEFAULT AS IDENTITY (
    SEQUENCE NAME public.ti18n_id_i18n_seq
    START WITH 1
    INCREMENT BY 1
    NO MINVALUE
    NO MAXVALUE
    CACHE 1
);


--
-- TOC entry 211 (class 1259 OID 202476)
-- Name: ti18n_value; Type: TABLE; Schema: public; Owner: -
--

CREATE TABLE public.ti18n_value (
    id_i18n_value integer NOT NULL,
    id_i18n integer NOT NULL,
    "KEY" character varying(250),
    es_es character varying(10485760),
    en_us character varying(10485760),
    gl_es character varying(10485760)
);


--
-- TOC entry 210 (class 1259 OID 202474)
-- Name: ti18n_value_id_i18n_value_seq; Type: SEQUENCE; Schema: public; Owner: -
--

ALTER TABLE public.ti18n_value ALTER COLUMN id_i18n_value ADD GENERATED BY DEFAULT AS IDENTITY (
    SEQUENCE NAME public.ti18n_value_id_i18n_value_seq
    START WITH 34
    INCREMENT BY 1
    NO MINVALUE
    NO MAXVALUE
    CACHE 1
);


--
-- TOC entry 203 (class 1259 OID 202439)
-- Name: trequest_statistics; Type: TABLE; Schema: public; Owner: -
--

CREATE TABLE public.trequest_statistics (
    id_request_statistics integer NOT NULL,
    service_name character varying(255),
    method_name character varying(50),
    user_name character varying(50),
    execution_date date,
    execution_time integer,
    method_params character varying(5000),
    service_exception character varying(5000)
);


--
-- TOC entry 198 (class 1259 OID 202404)
-- Name: trole; Type: TABLE; Schema: public; Owner: -
--

CREATE TABLE public.trole (
    id_rolename integer NOT NULL,
    rolename character varying(255),
    xmlclientpermission character varying(10485760)
);


--
-- TOC entry 197 (class 1259 OID 202402)
-- Name: trole_id_rolename_seq; Type: SEQUENCE; Schema: public; Owner: -
--

ALTER TABLE public.trole ALTER COLUMN id_rolename ADD GENERATED BY DEFAULT AS IDENTITY (
    SEQUENCE NAME public.trole_id_rolename_seq
    START WITH 1
    INCREMENT BY 1
    NO MINVALUE
    NO MAXVALUE
    CACHE 1
);


--
-- TOC entry 213 (class 1259 OID 202486)
-- Name: trole_server_permission; Type: TABLE; Schema: public; Owner: -
--

CREATE TABLE public.trole_server_permission (
    id_role_server_permission integer NOT NULL,
    id_rolename integer,
    id_server_permission integer
);


--
-- TOC entry 212 (class 1259 OID 202484)
-- Name: trole_server_permission_id_role_server_permission_seq; Type: SEQUENCE; Schema: public; Owner: -
--

ALTER TABLE public.trole_server_permission ALTER COLUMN id_role_server_permission ADD GENERATED BY DEFAULT AS IDENTITY (
    SEQUENCE NAME public.trole_server_permission_id_role_server_permission_seq
    START WITH 1
    INCREMENT BY 1
    NO MINVALUE
    NO MAXVALUE
    CACHE 1
);


--
-- TOC entry 202 (class 1259 OID 202431)
-- Name: tserver_permission; Type: TABLE; Schema: public; Owner: -
--

CREATE TABLE public.tserver_permission (
    id_server_permission integer NOT NULL,
    permission_name character varying(10485760)
);


--
-- TOC entry 201 (class 1259 OID 202429)
-- Name: tserver_permission_id_server_permission_seq; Type: SEQUENCE; Schema: public; Owner: -
--

ALTER TABLE public.tserver_permission ALTER COLUMN id_server_permission ADD GENERATED BY DEFAULT AS IDENTITY (
    SEQUENCE NAME public.tserver_permission_id_server_permission_seq
    START WITH 1
    INCREMENT BY 1
    NO MINVALUE
    NO MAXVALUE
    CACHE 1
);


--
-- TOC entry 205 (class 1259 OID 202449)
-- Name: tsetting; Type: TABLE; Schema: public; Owner: -
--

CREATE TABLE public.tsetting (
    id_setting integer NOT NULL,
    setting_key character varying(10485760),
    setting_value character varying(10485760),
    setting_comment character varying(10485760)
);


--
-- TOC entry 204 (class 1259 OID 202447)
-- Name: tsetting_id_setting_seq; Type: SEQUENCE; Schema: public; Owner: -
--

ALTER TABLE public.tsetting ALTER COLUMN id_setting ADD GENERATED BY DEFAULT AS IDENTITY (
    SEQUENCE NAME public.tsetting_id_setting_seq
    START WITH 1
    INCREMENT BY 1
    NO MINVALUE
    NO MAXVALUE
    CACHE 1
);


--
-- TOC entry 196 (class 1259 OID 202395)
-- Name: tuser; Type: TABLE; Schema: public; Owner: -
--

CREATE TABLE public.tuser (
    user_ character varying(50) NOT NULL,
    password character varying(50),
    name character varying(50),
    surname character varying(50),
    email character varying(50),
    nif character varying(50),
    userblocked timestamp without time zone,
    lastpasswordupdate timestamp without time zone DEFAULT CURRENT_TIMESTAMP,
    firstlogin boolean DEFAULT true
);


--
-- TOC entry 207 (class 1259 OID 202459)
-- Name: tuser_preference; Type: TABLE; Schema: public; Owner: -
--

CREATE TABLE public.tuser_preference (
    id_user_preference integer NOT NULL,
    preference_name character varying(150),
    user_login character varying(150),
    preference_value character varying(10485760)
);


--
-- TOC entry 206 (class 1259 OID 202457)
-- Name: tuser_preference_id_user_preference_seq; Type: SEQUENCE; Schema: public; Owner: -
--

ALTER TABLE public.tuser_preference ALTER COLUMN id_user_preference ADD GENERATED BY DEFAULT AS IDENTITY (
    SEQUENCE NAME public.tuser_preference_id_user_preference_seq
    START WITH 1
    INCREMENT BY 1
    NO MINVALUE
    NO MAXVALUE
    CACHE 1
);


--
-- TOC entry 200 (class 1259 OID 202414)
-- Name: tuser_role; Type: TABLE; Schema: public; Owner: -
--

CREATE TABLE public.tuser_role (
    id_user_role integer NOT NULL,
    id_rolename integer,
    user_ character varying(50)
);


--
-- TOC entry 199 (class 1259 OID 202412)
-- Name: tuser_role_id_user_role_seq; Type: SEQUENCE; Schema: public; Owner: -
--

ALTER TABLE public.tuser_role ALTER COLUMN id_user_role ADD GENERATED BY DEFAULT AS IDENTITY (
    SEQUENCE NAME public.tuser_role_id_user_role_seq
    START WITH 1
    INCREMENT BY 1
    NO MINVALUE
    NO MAXVALUE
    CACHE 1
);


--
-- TOC entry 3278 (class 0 OID 202597)
-- Dependencies: 229
-- Data for Name: booking; Type: TABLE DATA; Schema: public; Owner: -
--

INSERT INTO public.booking VALUES (1, 1, 1, '101', '2022-07-25', '2022-07-30', 'comments', NULL, '2022-08-31 08:19:34.383588', NULL, 'F', NULL, NULL);
INSERT INTO public.booking VALUES (2, 1, 2, '201', '2022-10-13', '2022-10-20', NULL, NULL, '2022-08-31 06:22:05.689589', NULL, 'A', NULL, NULL);
INSERT INTO public.booking VALUES (3, 1, 2, '1001', '2022-09-03', '2022-09-07', NULL, NULL, '2022-08-31 06:31:31.941379', NULL, 'C', NULL, 350.00);
INSERT INTO public.booking VALUES (4, 1, 2, '202', '2022-10-13', '2022-10-20', NULL, NULL, '2022-08-31 06:33:00.53533', NULL, 'A', NULL, NULL);
INSERT INTO public.booking VALUES (5, 1, 2, '1001', '2022-09-03', '2022-09-07', NULL, NULL, '2022-08-31 06:49:34.030084', NULL, 'C', NULL, 350.00);
INSERT INTO public.booking VALUES (6, 1, 2, '203', '2022-10-13', '2022-10-20', NULL, NULL, '2022-08-31 06:51:57.306222', NULL, 'A', NULL, NULL);
INSERT INTO public.booking VALUES (7, 1, 2, '1001', '2022-09-03', '2022-09-07', NULL, NULL, '2022-08-31 07:48:54.428478', NULL, 'C', NULL, 350.00);
INSERT INTO public.booking VALUES (8, 1, 2, '204', '2022-10-13', '2022-10-20', NULL, NULL, '2022-08-31 07:51:36.017441', NULL, 'A', NULL, NULL);


--
-- TOC entry 3296 (class 0 OID 202767)
-- Dependencies: 247
-- Data for Name: booking_details; Type: TABLE DATA; Schema: public; Owner: -
--

INSERT INTO public.booking_details VALUES (1, 1, 1, 120.00, 120.00, NULL, '2022-06-25', true);
INSERT INTO public.booking_details VALUES (2, 1, 1, 120.00, 120.00, NULL, '2022-06-26', true);
INSERT INTO public.booking_details VALUES (3, 1, 1, 120.00, 120.00, NULL, '2022-06-27', true);
INSERT INTO public.booking_details VALUES (4, 1, 1, 120.00, 120.00, NULL, '2022-06-28', true);
INSERT INTO public.booking_details VALUES (5, 1, 1, 120.00, 120.00, NULL, '2022-06-29', true);
INSERT INTO public.booking_details VALUES (6, 2, 1, 200.00, 200.00, NULL, '2022-10-18', false);
INSERT INTO public.booking_details VALUES (7, 2, 1, 200.00, 200.00, NULL, '2022-10-15', false);
INSERT INTO public.booking_details VALUES (8, 2, 1, 200.00, 200.00, NULL, '2022-10-16', false);
INSERT INTO public.booking_details VALUES (9, 2, 1, 200.00, 200.00, NULL, '2022-10-13', false);
INSERT INTO public.booking_details VALUES (10, 2, 1, 200.00, 200.00, NULL, '2022-10-14', false);
INSERT INTO public.booking_details VALUES (11, 2, 1, 200.00, 200.00, NULL, '2022-10-19', false);
INSERT INTO public.booking_details VALUES (12, 2, 1, 200.00, 200.00, NULL, '2022-10-17', false);
INSERT INTO public.booking_details VALUES (14, 3, 1, 350.00, 350.00, NULL, '2022-09-03', true);
INSERT INTO public.booking_details VALUES (16, 3, 1, 0.00, 350.00, 'CANCELLATION', '2022-09-04', true);
INSERT INTO public.booking_details VALUES (13, 3, 1, 0.00, 350.00, 'CANCELLATION', '2022-09-05', true);
INSERT INTO public.booking_details VALUES (15, 3, 1, 0.00, 350.00, 'CANCELLATION', '2022-09-06', true);
INSERT INTO public.booking_details VALUES (17, 4, 1, 200.00, 200.00, NULL, '2022-10-18', false);
INSERT INTO public.booking_details VALUES (18, 4, 1, 200.00, 200.00, NULL, '2022-10-15', false);
INSERT INTO public.booking_details VALUES (19, 4, 1, 200.00, 200.00, NULL, '2022-10-16', false);
INSERT INTO public.booking_details VALUES (20, 4, 1, 200.00, 200.00, NULL, '2022-10-13', false);
INSERT INTO public.booking_details VALUES (21, 4, 1, 200.00, 200.00, NULL, '2022-10-14', false);
INSERT INTO public.booking_details VALUES (22, 4, 1, 200.00, 200.00, NULL, '2022-10-19', false);
INSERT INTO public.booking_details VALUES (23, 4, 1, 200.00, 200.00, NULL, '2022-10-17', false);
INSERT INTO public.booking_details VALUES (25, 5, 1, 350.00, 350.00, NULL, '2022-09-03', true);
INSERT INTO public.booking_details VALUES (27, 5, 1, 0.00, 350.00, 'CANCELLATION', '2022-09-04', true);
INSERT INTO public.booking_details VALUES (24, 5, 1, 0.00, 350.00, 'CANCELLATION', '2022-09-05', true);
INSERT INTO public.booking_details VALUES (26, 5, 1, 0.00, 350.00, 'CANCELLATION', '2022-09-06', true);
INSERT INTO public.booking_details VALUES (28, 6, 1, 200.00, 200.00, NULL, '2022-10-18', false);
INSERT INTO public.booking_details VALUES (29, 6, 1, 200.00, 200.00, NULL, '2022-10-15', false);
INSERT INTO public.booking_details VALUES (30, 6, 1, 200.00, 200.00, NULL, '2022-10-16', false);
INSERT INTO public.booking_details VALUES (31, 6, 1, 200.00, 200.00, NULL, '2022-10-13', false);
INSERT INTO public.booking_details VALUES (32, 6, 1, 200.00, 200.00, NULL, '2022-10-14', false);
INSERT INTO public.booking_details VALUES (33, 6, 1, 200.00, 200.00, NULL, '2022-10-19', false);
INSERT INTO public.booking_details VALUES (34, 6, 1, 200.00, 200.00, NULL, '2022-10-17', false);
INSERT INTO public.booking_details VALUES (36, 7, 1, 350.00, 350.00, NULL, '2022-09-03', true);
INSERT INTO public.booking_details VALUES (38, 7, 1, 0.00, 350.00, 'CANCELLATION', '2022-09-04', true);
INSERT INTO public.booking_details VALUES (35, 7, 1, 0.00, 350.00, 'CANCELLATION', '2022-09-05', true);
INSERT INTO public.booking_details VALUES (37, 7, 1, 0.00, 350.00, 'CANCELLATION', '2022-09-06', true);
INSERT INTO public.booking_details VALUES (39, 8, 1, 200.00, 200.00, NULL, '2022-10-18', false);
INSERT INTO public.booking_details VALUES (40, 8, 1, 200.00, 200.00, NULL, '2022-10-15', false);
INSERT INTO public.booking_details VALUES (41, 8, 1, 200.00, 200.00, NULL, '2022-10-16', false);
INSERT INTO public.booking_details VALUES (42, 8, 1, 200.00, 200.00, NULL, '2022-10-13', false);
INSERT INTO public.booking_details VALUES (43, 8, 1, 200.00, 200.00, NULL, '2022-10-14', false);
INSERT INTO public.booking_details VALUES (44, 8, 1, 200.00, 200.00, NULL, '2022-10-19', false);
INSERT INTO public.booking_details VALUES (45, 8, 1, 200.00, 200.00, NULL, '2022-10-17', false);


--
-- TOC entry 3280 (class 0 OID 202629)
-- Dependencies: 231
-- Data for Name: booking_guest; Type: TABLE DATA; Schema: public; Owner: -
--



--
-- TOC entry 3308 (class 0 OID 202870)
-- Dependencies: 259
-- Data for Name: cancellations; Type: TABLE DATA; Schema: public; Owner: -
--

INSERT INTO public.cancellations VALUES (1, 1, 1, 1, 1, 1);
INSERT INTO public.cancellations VALUES (2, 1, 2, 1, 1, 1);
INSERT INTO public.cancellations VALUES (3, 1, 3, 1, 7, 1);
INSERT INTO public.cancellations VALUES (4, 1, 1, 2, 7, 1);
INSERT INTO public.cancellations VALUES (5, 1, 2, 2, 7, 1);
INSERT INTO public.cancellations VALUES (6, 1, 1, 2, 3, 2);
INSERT INTO public.cancellations VALUES (7, 1, 2, 2, 3, 2);
INSERT INTO public.cancellations VALUES (8, 1, 3, 2, 7, 3);
INSERT INTO public.cancellations VALUES (9, 2, 1, 1, 1, 1);
INSERT INTO public.cancellations VALUES (10, 2, 2, 1, 1, 1);
INSERT INTO public.cancellations VALUES (11, 2, 3, 1, 7, 1);
INSERT INTO public.cancellations VALUES (12, 2, 1, 2, 3, 1);
INSERT INTO public.cancellations VALUES (13, 2, 2, 2, 3, 1);
INSERT INTO public.cancellations VALUES (14, 2, 3, 2, 7, 3);


--
-- TOC entry 3268 (class 0 OID 202526)
-- Dependencies: 219
-- Data for Name: client; Type: TABLE DATA; Schema: public; Owner: -
--

INSERT INTO public.client VALUES (1, 'Marthe', 'Winsome', 'Ardley', '1981-05-31', '12594006E', '866-528-7505', 'mardley0@squarespace.com', true);
INSERT INTO public.client VALUES (2, 'Manny', 'Sharpus', 'Scrivens', '1951-04-16', '12780030J', '908-848-5482', 'mscrivens1@reddit.com', true);
INSERT INTO public.client VALUES (3, 'Goldarina', 'Orrill', 'Standage', '1956-06-09', '02953642D', '895-109-5580', 'gstandage2@usgs.gov', true);
INSERT INTO public.client VALUES (4, 'Vinita', 'Hitcham', 'Jozefowicz', '1957-07-28', '33133995K', '992-339-5868', 'vjozefowicz3@360.cn', true);
INSERT INTO public.client VALUES (5, 'Maria', 'Crat', 'Spendlove', '1977-04-30', '47069261H', '147-469-2343', 'mspendlove4@yellowpages.com', true);
INSERT INTO public.client VALUES (6, 'Katha', 'Tompkinson', 'Allgood', '1984-12-13', '53171576D', '909-680-9614', 'kallgood5@ucoz.com', true);
INSERT INTO public.client VALUES (7, 'Dulcy', 'Menier', 'Anderer', '1976-05-26', '28763947S', '104-741-2385', 'danderer6@weebly.com', true);
INSERT INTO public.client VALUES (8, 'Evyn', 'Vieyra', 'Parade', '1951-10-04', '15542508R', '192-425-5441', 'eparade7@scribd.com', true);
INSERT INTO public.client VALUES (9, 'Collin', 'MacGorley', 'O''Halligan', '1977-02-25', '72026674W', '529-383-6538', 'cohalligan8@trellian.com', true);
INSERT INTO public.client VALUES (10, 'Hugibert', 'Hedylstone', 'Dysert', '1963-04-19', '76722525R', '575-945-2975', 'hdysert9@amazonaws.com', true);
INSERT INTO public.client VALUES (11, 'Jay', 'Jado', 'Leipoldt', '1973-06-18', '89979264B', '551-616-5931', 'jleipoldta@paypal.com', true);
INSERT INTO public.client VALUES (12, 'Dru', 'Felten', 'Symon', '1992-06-08', '14870999N', '769-124-1368', 'dsymonb@mapquest.com', true);
INSERT INTO public.client VALUES (13, 'Oralee', 'Merrell', 'Coster', '1994-01-29', '11117067A', '960-448-4618', 'ocosterc@ask.com', true);
INSERT INTO public.client VALUES (14, 'Nicko', 'Bulcock', 'Lebell', '1986-01-25', '18077608H', '456-696-3174', 'nlebelld@apache.org', true);
INSERT INTO public.client VALUES (15, 'Page', 'Aupol', 'Brachell', '1956-08-12', '01735084J', '295-461-0778', 'pbrachelle@nbcnews.com', true);
INSERT INTO public.client VALUES (16, 'Nicoline', 'Tilt', 'Ouchterlony', '1973-04-17', '38724046P', '345-536-8809', 'nouchterlonyf@feedburner.com', true);
INSERT INTO public.client VALUES (17, 'Stuart', 'Faithorn', 'Blackie', '1980-02-28', '37178848L', '812-976-3767', 'sblackieg@nasa.gov', true);
INSERT INTO public.client VALUES (18, 'Maurizio', 'Leaming', 'Mullane', '1957-12-02', '72596545W', '859-107-8457', 'mmullaneh@seesaa.net', true);
INSERT INTO public.client VALUES (19, 'Niki', 'Tullis', 'Blaksley', '1989-08-23', '99814284E', '750-686-1164', 'nblaksleyi@oaic.gov.au', true);
INSERT INTO public.client VALUES (20, 'Tomlin', 'Giacomoni', 'Sedgebeer', '1960-05-12', '85420890O', '684-487-6662', 'tsedgebeerj@washington.edu', true);
INSERT INTO public.client VALUES (21, 'Phylis', 'Mugleston', 'Beaument', '1965-11-06', '17012302D', '752-582-0360', 'pbeaumentk@woothemes.com', true);
INSERT INTO public.client VALUES (22, 'Kiel', 'Bute', 'Pauling', '1954-06-23', '11687673W', '979-750-0295', 'kpaulingl@vkontakte.ru', true);
INSERT INTO public.client VALUES (23, 'Dyanna', 'Mostin', 'Chettle', '1996-07-09', '11553676S', '102-885-6663', 'dchettlem@hc360.com', true);
INSERT INTO public.client VALUES (24, 'Christoper', 'Chittenden', 'Witcombe', '1985-11-02', '82352491H', '788-427-3587', 'cwitcomben@jalbum.net', true);
INSERT INTO public.client VALUES (25, 'Mommy', 'Gantz', 'Deplacido', '1992-09-01', '90780410W', '590-903-8640', 'mdeplacidoo@pbs.org', true);
INSERT INTO public.client VALUES (26, 'Garnet', 'Artz', 'Laybourne', '2001-04-24', '18799761I', '476-387-6969', 'glaybournep@de.vu', true);
INSERT INTO public.client VALUES (27, 'Damiano', 'Possa', 'Lattimer', '1993-02-25', '48730026J', '170-877-1727', 'dlattimerq@symantec.com', true);
INSERT INTO public.client VALUES (28, 'Abey', 'Gildea', 'Tellenbrook', '2001-06-18', '75506760I', '745-763-4923', 'atellenbrookr@usatoday.com', true);
INSERT INTO public.client VALUES (29, 'Oriana', 'Ropcke', 'Bleyman', '2001-04-13', '56696876C', '938-711-2193', 'obleymans@prweb.com', true);
INSERT INTO public.client VALUES (30, 'Jarid', 'Fiske', 'Tooke', '1976-05-22', '77905277Q', '563-731-2710', 'jtooket@unicef.org', true);
INSERT INTO public.client VALUES (31, 'Ada', 'Fulger', 'Melpuss', '1972-12-18', '99623310D', '488-987-0374', 'amelpussu@cnbc.com', true);
INSERT INTO public.client VALUES (32, 'Myranda', 'Sumshon', 'Letson', '1960-06-04', '06781896V', '351-325-5919', 'mletsonv@utexas.edu', true);
INSERT INTO public.client VALUES (33, 'Ivonne', 'Brine', 'Giacobilio', '1962-01-24', '00498002S', '488-696-4966', 'igiacobiliow@smugmug.com', true);
INSERT INTO public.client VALUES (34, 'Aurilia', 'Baston', 'Dorrington', '1966-09-05', '99119630W', '765-380-8412', 'adorringtonx@opera.com', true);
INSERT INTO public.client VALUES (35, 'Aymer', 'Acock', 'Eccleston', '1952-09-06', '98416700M', '266-823-8680', 'aecclestony@alibaba.com', true);
INSERT INTO public.client VALUES (36, 'Enrico', 'Renols', 'Issacof', '1958-12-28', '84454370K', '954-763-5960', 'eissacofz@nsw.gov.au', true);
INSERT INTO public.client VALUES (37, 'Wright', 'Wornham', 'De Ruggiero', '1959-02-20', '98687650S', '240-746-2416', 'wderuggiero10@pen.io', true);
INSERT INTO public.client VALUES (38, 'Halimeda', 'Lanegran', 'Eitter', '1974-12-17', '36525364W', '138-108-5526', 'heitter11@foxnews.com', true);
INSERT INTO public.client VALUES (39, 'Adlai', 'Spire', 'Elen', '1979-02-27', '14167549E', '548-223-7960', 'aelen12@indiatimes.com', true);
INSERT INTO public.client VALUES (40, 'Fleurette', 'Trewin', 'Glentz', '1975-11-30', '23167172D', '437-139-8643', 'fglentz13@phoca.cz', true);
INSERT INTO public.client VALUES (41, 'Elmer', 'Gannaway', 'Fleisch', '1963-11-24', '02977152W', '340-492-3329', 'efleisch14@github.io', true);
INSERT INTO public.client VALUES (42, 'Maribelle', 'Kowalski', 'Bernon', '1990-11-28', '16164827O', '221-564-3494', 'mbernon15@wix.com', true);
INSERT INTO public.client VALUES (43, 'Cameron', 'Wannell', 'Gisbye', '1994-11-21', '79605982D', '933-326-5682', 'cgisbye16@google.es', true);
INSERT INTO public.client VALUES (44, 'Baxie', 'Aulsford', 'Riddiough', '1974-10-17', '17663792G', '250-681-5004', 'briddiough17@themeforest.net', true);
INSERT INTO public.client VALUES (45, 'Tommy', 'Chue', 'Keme', '1999-07-11', '80278466D', '392-448-9175', 'tkeme18@vinaora.com', true);
INSERT INTO public.client VALUES (46, 'Chery', 'Diggles', 'Sturzaker', '1950-10-29', '26357076W', '322-879-1606', 'csturzaker19@furl.net', true);
INSERT INTO public.client VALUES (47, 'Inge', 'Summerskill', 'McNab', '1999-06-28', '33832454D', '149-969-3145', 'imcnab1a@angelfire.com', true);
INSERT INTO public.client VALUES (48, 'Zacharia', 'Abrami', 'Despenser', '1956-02-10', '21939127M', '413-651-6468', 'zdespenser1b@ucsd.edu', true);
INSERT INTO public.client VALUES (49, 'Sasha', 'Latour', 'Mariner', '1971-11-09', '82239788T', '299-957-6021', 'smariner1c@reference.com', true);
INSERT INTO public.client VALUES (50, 'Jillian', 'Stovin', 'Bugler', '1980-05-25', '10115140B', '576-591-3704', 'jbugler1d@sun.com', true);
INSERT INTO public.client VALUES (51, 'Dall', 'Jobin', 'Eaken', '1951-01-11', '49582025V', '333-225-2053', 'deaken1e@cisco.com', true);
INSERT INTO public.client VALUES (52, 'Karin', 'Lewzey', 'Pourvoieur', '1975-09-10', '39355290M', '918-259-8268', 'kpourvoieur1f@apache.org', true);
INSERT INTO public.client VALUES (53, 'Meta', 'Adderson', 'Freer', '1972-11-04', '10557487X', '463-634-2118', 'mfreer1g@meetup.com', true);
INSERT INTO public.client VALUES (54, 'Meade', 'Peres', 'McKerton', '1982-07-29', '23364764Z', '554-125-0910', 'mmckerton1h@prweb.com', true);
INSERT INTO public.client VALUES (55, 'Melody', 'Niaves', 'Brigstock', '1957-05-25', '11382132L', '254-724-6326', 'mbrigstock1i@tinyurl.com', true);
INSERT INTO public.client VALUES (56, 'Saree', 'Prati', 'Jackling', '1950-08-19', '77014403Q', '599-757-4196', 'sjackling1j@1688.com', true);
INSERT INTO public.client VALUES (57, 'Dody', 'Bogies', 'Littledike', '1954-01-12', '45254779A', '616-946-0151', 'dlittledike1k@naver.com', true);
INSERT INTO public.client VALUES (58, 'Joseito', 'Gaylard', 'Foxley', '1960-08-20', '89880997W', '420-892-8245', 'jfoxley1l@icq.com', true);
INSERT INTO public.client VALUES (59, 'Leila', 'Bleaden', 'Thurley', '1985-08-19', '88722760D', '374-255-9257', 'lthurley1m@home.pl', true);
INSERT INTO public.client VALUES (60, 'Sayre', 'Franks', 'Whitear', '1976-12-05', '72398505J', '145-465-9899', 'swhitear1n@goodreads.com', true);
INSERT INTO public.client VALUES (61, 'Marcy', 'Brandin', 'Chipman', '1995-10-17', '17555257Y', '883-518-4471', 'mchipman1o@cloudflare.com', true);
INSERT INTO public.client VALUES (62, 'Bobbi', 'Putley', 'Jenny', '1998-07-15', '16242679W', '720-842-9458', 'bjenny1p@fda.gov', true);
INSERT INTO public.client VALUES (63, 'Janine', 'Crumley', 'Twelves', '1998-01-12', '85766774D', '125-480-7411', 'jtwelves1q@51.la', true);
INSERT INTO public.client VALUES (64, 'Denney', 'Longfellow', 'Thody', '1985-12-31', '95570045R', '379-874-0869', 'dthody1r@lulu.com', true);
INSERT INTO public.client VALUES (65, 'Brodie', 'Sartain', 'Audenis', '1986-11-19', '88732861X', '515-158-7354', 'baudenis1s@pagesperso-orange.fr', true);
INSERT INTO public.client VALUES (66, 'Adlai', 'Kares', 'Skilbeck', '1960-09-25', '16431634E', '498-355-5913', 'askilbeck1t@sakura.ne.jp', true);
INSERT INTO public.client VALUES (67, 'Elyse', 'Tawton', 'Towriss', '1990-05-15', '04094269T', '863-216-6502', 'etowriss1u@ow.ly', true);
INSERT INTO public.client VALUES (68, 'Hurlee', 'Mulderrig', 'Pharo', '1972-02-07', '32161829B', '473-260-2960', 'hpharo1v@netscape.com', true);
INSERT INTO public.client VALUES (69, 'Elias', 'Chong', 'Secker', '1977-08-25', '50842713X', '683-267-0722', 'esecker1w@guardian.co.uk', true);
INSERT INTO public.client VALUES (70, 'Lebbie', 'Trustey', 'Ravillas', '1995-05-06', '78856732S', '910-892-7060', 'lravillas1x@tumblr.com', true);
INSERT INTO public.client VALUES (71, 'Finn', 'Zolini', 'Wohlers', '1967-04-19', '22744471P', '299-278-0898', 'fwohlers1y@nytimes.com', true);
INSERT INTO public.client VALUES (72, 'Lyssa', 'Cohen', 'Broadbent', '1983-12-30', '39472577C', '743-406-7973', 'lbroadbent1z@go.com', true);
INSERT INTO public.client VALUES (73, 'Hallie', 'Scopes', 'Leeming', '1970-01-30', '58984362R', '701-592-6949', 'hleeming20@yellowpages.com', true);
INSERT INTO public.client VALUES (74, 'Ralina', 'Toft', 'Fluit', '1991-02-19', '76092295X', '198-529-5706', 'rfluit21@hibu.com', true);
INSERT INTO public.client VALUES (75, 'Conny', 'Kernley', 'Galier', '1963-12-13', '71980169H', '915-433-5782', 'cgalier22@wp.com', true);
INSERT INTO public.client VALUES (76, 'Charis', 'Cantillon', 'Kesey', '1983-10-25', '43718801S', '542-608-3764', 'ckesey23@java.com', true);
INSERT INTO public.client VALUES (77, 'Caz', 'Skewes', 'Inglish', '1972-12-14', '53844270U', '802-326-5887', 'cinglish24@webnode.com', true);
INSERT INTO public.client VALUES (78, 'Nehemiah', 'Coull', 'McCarroll', '1976-07-26', '36199749B', '954-436-0339', 'nmccarroll25@wisc.edu', true);
INSERT INTO public.client VALUES (79, 'Johnette', 'Gossop', 'Luby', '1954-10-04', '11009285D', '134-657-7885', 'jluby26@slideshare.net', true);
INSERT INTO public.client VALUES (80, 'Dina', 'Hatz', 'Kubista', '1971-11-28', '68470601W', '949-801-2462', 'dkubista27@loc.gov', true);
INSERT INTO public.client VALUES (81, 'Anson', 'Kill', 'Petruk', '1961-06-15', '70008637E', '617-274-8289', 'apetruk28@goo.ne.jp', true);
INSERT INTO public.client VALUES (82, 'Maurits', 'Shire', 'Brosius', '1955-05-11', '82796542C', '645-223-8138', 'mbrosius29@springer.com', true);
INSERT INTO public.client VALUES (83, 'Clare', 'Barkess', 'O'' Reagan', '1983-05-31', '30279999E', '365-669-2951', 'coreagan2a@ifeng.com', true);
INSERT INTO public.client VALUES (84, 'Janey', 'Conibear', 'Jacobsz', '1993-04-21', '43004494X', '108-123-3121', 'jjacobsz2b@g.co', true);
INSERT INTO public.client VALUES (85, 'Quintina', 'Paler', 'Linder', '1979-04-13', '11870388U', '689-361-0653', 'qlinder2c@flickr.com', true);
INSERT INTO public.client VALUES (86, 'Patton', 'Ramel', 'Vowles', '1965-08-14', '50189270M', '433-192-7290', 'pvowles2d@bloomberg.com', true);
INSERT INTO public.client VALUES (87, 'Vite', 'Timewell', 'Beesley', '1973-04-03', '96337747N', '983-271-4351', 'vbeesley2e@wired.com', true);
INSERT INTO public.client VALUES (88, 'Kissee', 'Doodney', 'Brinsden', '1981-11-27', '71921702Y', '235-891-4387', 'kbrinsden2f@jigsy.com', true);
INSERT INTO public.client VALUES (89, 'Riobard', 'Ram', 'Kingsford', '1991-01-19', '43237566I', '989-364-5822', 'rkingsford2g@prnewswire.com', true);
INSERT INTO public.client VALUES (90, 'Arnie', 'Hann', 'Starton', '1951-09-11', '95074745Q', '380-776-8779', 'astarton2h@technorati.com', true);
INSERT INTO public.client VALUES (91, 'Gawain', 'Swyer-Sexey', 'Ubsdell', '1984-10-22', '79968460K', '188-482-4080', 'gubsdell2i@sakura.ne.jp', true);
INSERT INTO public.client VALUES (92, 'Clementia', 'Pershouse', 'Meckiff', '1975-08-13', '03509496J', '937-427-3878', 'cmeckiff2j@ovh.net', true);
INSERT INTO public.client VALUES (93, 'Loretta', 'Wyson', 'Lourens', '1965-07-31', '30590772K', '769-128-6194', 'llourens2k@so-net.ne.jp', true);
INSERT INTO public.client VALUES (94, 'Perceval', 'Baudic', 'Dorin', '1969-11-16', '96801577L', '692-489-8440', 'pdorin2l@illinois.edu', true);
INSERT INTO public.client VALUES (95, 'Shalna', 'Faragan', 'Nussey', '1998-07-31', '87425419M', '202-458-2050', 'snussey2m@trellian.com', true);
INSERT INTO public.client VALUES (96, 'Inez', 'Kenealy', 'Dyos', '1977-11-10', '53913442Z', '889-841-7394', 'idyos2n@miibeian.gov.cn', true);
INSERT INTO public.client VALUES (97, 'Bobbye', 'Chapellow', 'Davids', '1992-10-01', '98492979X', '837-303-8585', 'bdavids2o@aol.com', true);
INSERT INTO public.client VALUES (98, 'Legra', 'Tremathack', 'Struther', '1992-10-05', '48858745N', '408-574-8213', 'lstruther2p@walmart.com', true);
INSERT INTO public.client VALUES (99, 'Madalyn', 'Kimblin', 'Bowgen', '2000-11-20', '39276164Q', '406-984-5037', 'mbowgen2q@altervista.org', true);
INSERT INTO public.client VALUES (100, 'Nanny', 'Le Brun', 'Bonhill', '1987-08-11', '08456667U', '793-612-5622', 'nbonhill2r@stanford.edu', true);


--
-- TOC entry 3304 (class 0 OID 202836)
-- Dependencies: 255
-- Data for Name: dates_season; Type: TABLE DATA; Schema: public; Owner: -
--

INSERT INTO public.dates_season VALUES (1, 2, '2022-04-10', '2022-04-17', 2, 'Holy Week hotel Vigo');
INSERT INTO public.dates_season VALUES (2, 2, '2022-12-24', '2023-01-06', 2, 'Christmas hotel Vigo');
INSERT INTO public.dates_season VALUES (3, 2, '2022-07-01', '2022-08-31', 2, 'Summer hotel Vigo');
INSERT INTO public.dates_season VALUES (4, 1, '2022-01-15', '2022-05-15', 2, 'Crazy season Las vegas hotel');


--
-- TOC entry 3290 (class 0 OID 202714)
-- Dependencies: 241
-- Data for Name: details_type; Type: TABLE DATA; Schema: public; Owner: -
--

INSERT INTO public.details_type VALUES (1, 'NIGHT', 'Price room night', false);
INSERT INTO public.details_type VALUES (2, 'LNDRY', 'Laundry service', false);
INSERT INTO public.details_type VALUES (3, 'BRKFS', 'Breakfast', false);
INSERT INTO public.details_type VALUES (4, 'MNBAR', 'Minibar', false);
INSERT INTO public.details_type VALUES (5, 'PRKNG', 'Parking', false);


--
-- TOC entry 3294 (class 0 OID 202749)
-- Dependencies: 245
-- Data for Name: details_type_hotel; Type: TABLE DATA; Schema: public; Owner: -
--

INSERT INTO public.details_type_hotel VALUES (1, 1, true);
INSERT INTO public.details_type_hotel VALUES (1, 2, true);
INSERT INTO public.details_type_hotel VALUES (1, 3, true);
INSERT INTO public.details_type_hotel VALUES (1, 4, true);
INSERT INTO public.details_type_hotel VALUES (1, 5, true);
INSERT INTO public.details_type_hotel VALUES (2, 1, true);
INSERT INTO public.details_type_hotel VALUES (2, 2, true);
INSERT INTO public.details_type_hotel VALUES (2, 3, true);
INSERT INTO public.details_type_hotel VALUES (2, 4, true);
INSERT INTO public.details_type_hotel VALUES (2, 5, true);
INSERT INTO public.details_type_hotel VALUES (3, 1, true);
INSERT INTO public.details_type_hotel VALUES (3, 2, true);
INSERT INTO public.details_type_hotel VALUES (3, 3, true);
INSERT INTO public.details_type_hotel VALUES (3, 4, true);
INSERT INTO public.details_type_hotel VALUES (3, 5, true);


--
-- TOC entry 3284 (class 0 OID 202660)
-- Dependencies: 235
-- Data for Name: employee; Type: TABLE DATA; Schema: public; Owner: -
--

INSERT INTO public.employee VALUES (1, 1, 'Juan', 'Perico', 'Palotes', NULL, NULL, 'ES 92 5555 6666 7777 5555', '11223344J', 'juan-perico@Yahoo.es', '666555444', 1, '2022-08-31 08:19:27.916632', 'juan');
INSERT INTO public.employee VALUES (2, 2, 'Mario', 'Perico', 'Palotes', NULL, NULL, 'ES 92 5555 6666 7777 6666', '11223345J', 'mario-perico@Yahoo.es', '666555445', 1, '2022-08-31 08:19:27.934958', 'mario');
INSERT INTO public.employee VALUES (3, 2, 'Carlos', 'Perico', 'Palotes', NULL, NULL, 'ES 92 5555 6666 7777 8888', '11223347J', 'carlos-perico@Yahoo.es', '666555447', 1, '2022-08-31 08:19:27.953678', 'carlos');
INSERT INTO public.employee VALUES (4, 3, 'Miguel', 'Perico', 'Palotes', NULL, NULL, 'ES 92 5555 6666 7777 7777', '11223346J', 'miguel-perico@Yahoo.es', '666555446', 1, '2022-08-31 08:19:27.97169', 'miguel');


--
-- TOC entry 3288 (class 0 OID 202702)
-- Dependencies: 239
-- Data for Name: employee_clock; Type: TABLE DATA; Schema: public; Owner: -
--

INSERT INTO public.employee_clock VALUES (1, 1, '2022-08-31 06:23:40.22', NULL);
INSERT INTO public.employee_clock VALUES (2, 1, NULL, '2022-08-31 06:23:43.553');
INSERT INTO public.employee_clock VALUES (3, 1, '2022-08-31 06:30:43.016', NULL);
INSERT INTO public.employee_clock VALUES (4, 1, NULL, '2022-08-31 06:30:48.462');
INSERT INTO public.employee_clock VALUES (5, 1, '2022-08-31 06:48:45.132', NULL);
INSERT INTO public.employee_clock VALUES (6, 1, NULL, '2022-08-31 07:48:11.581');


--
-- TOC entry 3286 (class 0 OID 202690)
-- Dependencies: 237
-- Data for Name: employee_schedule; Type: TABLE DATA; Schema: public; Owner: -
--

INSERT INTO public.employee_schedule VALUES (1, 1, '2022-09-01', '08:00:00', '15:00:00', NULL, NULL);
INSERT INTO public.employee_schedule VALUES (2, 1, '2022-09-02', '08:00:00', '15:00:00', NULL, NULL);
INSERT INTO public.employee_schedule VALUES (3, 1, '2022-09-03', '08:00:00', '15:00:00', NULL, NULL);
INSERT INTO public.employee_schedule VALUES (4, 1, '2022-09-04', '15:00:00', '23:00:00', NULL, NULL);
INSERT INTO public.employee_schedule VALUES (5, 2, '2022-09-01', '08:00:00', '16:00:00', NULL, NULL);
INSERT INTO public.employee_schedule VALUES (6, 3, '2022-09-01', '10:00:00', '16:00:00', NULL, NULL);
INSERT INTO public.employee_schedule VALUES (7, 4, '2022-09-01', '12:00:00', '18:00:00', NULL, NULL);


--
-- TOC entry 3282 (class 0 OID 202646)
-- Dependencies: 233
-- Data for Name: employee_type; Type: TABLE DATA; Schema: public; Owner: -
--

INSERT INTO public.employee_type VALUES (1, 'Gestor', 'desc', 1);
INSERT INTO public.employee_type VALUES (2, 'Recepcionista', 'desc', 2);
INSERT INTO public.employee_type VALUES (3, 'Limpieza', 'desc', 3);


--
-- TOC entry 3264 (class 0 OID 202503)
-- Dependencies: 215
-- Data for Name: hotel; Type: TABLE DATA; Schema: public; Owner: -
--

INSERT INTO public.hotel VALUES (1, 'Exceptions Hotel Las Vegas', 'Las Vegas', '3778 Las Vegas Blvd', 'NV 89109', 'lasvegas@exceptionshoteles.com', '877.386.5497', 5, '36.1196804136566', '-115.17470388915481');
INSERT INTO public.hotel VALUES (2, 'Exceptions Hotel Vigo', 'Vigo', 'Avda Castelao 67', '36208', 'vigo@exceptionshoteles.com', '986 50 48 67', 2, '42.21847248367241', '-8.748586559209471');
INSERT INTO public.hotel VALUES (3, 'Exceptions Hotel A Corua', 'A Corua', 'Calle Riazor 20', '52831', 'corunha@exceptionshoteles.com', '983 96 45 12', 3, '43.3685141433047', '-8.409046581369644');


--
-- TOC entry 3306 (class 0 OID 202853)
-- Dependencies: 257
-- Data for Name: offers; Type: TABLE DATA; Schema: public; Owner: -
--

INSERT INTO public.offers VALUES (1, '2022-07-25', 2, 1, 150.00);
INSERT INTO public.offers VALUES (2, '2022-08-15', 1, 1, 150.00);
INSERT INTO public.offers VALUES (3, '2022-08-20', 1, 2, 50.00);


--
-- TOC entry 3298 (class 0 OID 202785)
-- Dependencies: 249
-- Data for Name: picture; Type: TABLE DATA; Schema: public; Owner: -
--



--
-- TOC entry 3271 (class 0 OID 202545)
-- Dependencies: 222
-- Data for Name: room; Type: TABLE DATA; Schema: public; Owner: -
--

INSERT INTO public.room VALUES (1, '101', 2, NULL, NULL, NULL);
INSERT INTO public.room VALUES (1, '102', 2, NULL, NULL, NULL);
INSERT INTO public.room VALUES (1, '103', 2, NULL, NULL, NULL);
INSERT INTO public.room VALUES (1, '104', 2, NULL, NULL, NULL);
INSERT INTO public.room VALUES (1, '105', 2, NULL, NULL, NULL);
INSERT INTO public.room VALUES (1, '106', 2, NULL, NULL, NULL);
INSERT INTO public.room VALUES (1, '107', 2, NULL, NULL, NULL);
INSERT INTO public.room VALUES (1, '108', 2, NULL, NULL, NULL);
INSERT INTO public.room VALUES (1, '109', 2, NULL, NULL, NULL);
INSERT INTO public.room VALUES (1, '110', 2, NULL, NULL, NULL);
INSERT INTO public.room VALUES (1, '201', 1, NULL, NULL, NULL);
INSERT INTO public.room VALUES (1, '202', 1, NULL, NULL, NULL);
INSERT INTO public.room VALUES (1, '203', 1, NULL, NULL, NULL);
INSERT INTO public.room VALUES (1, '204', 1, NULL, NULL, NULL);
INSERT INTO public.room VALUES (1, '205', 1, NULL, NULL, NULL);
INSERT INTO public.room VALUES (1, '206', 1, NULL, NULL, NULL);
INSERT INTO public.room VALUES (1, '207', 1, NULL, NULL, NULL);
INSERT INTO public.room VALUES (1, '208', 1, NULL, NULL, NULL);
INSERT INTO public.room VALUES (1, '209', 1, NULL, NULL, NULL);
INSERT INTO public.room VALUES (1, '210', 1, NULL, NULL, NULL);
INSERT INTO public.room VALUES (1, '1001', 3, NULL, NULL, NULL);
INSERT INTO public.room VALUES (1, '1002', 3, NULL, NULL, NULL);
INSERT INTO public.room VALUES (1, '1003', 3, NULL, NULL, NULL);
INSERT INTO public.room VALUES (1, '1004', 3, NULL, NULL, NULL);
INSERT INTO public.room VALUES (1, '1005', 3, NULL, NULL, NULL);
INSERT INTO public.room VALUES (1, '1006', 3, NULL, NULL, NULL);
INSERT INTO public.room VALUES (1, '1007', 3, NULL, NULL, NULL);
INSERT INTO public.room VALUES (1, '1008', 3, NULL, NULL, NULL);
INSERT INTO public.room VALUES (1, '1009', 3, NULL, NULL, NULL);
INSERT INTO public.room VALUES (1, '1010', 3, NULL, NULL, NULL);
INSERT INTO public.room VALUES (2, '101', 2, NULL, NULL, NULL);
INSERT INTO public.room VALUES (2, '102', 2, NULL, NULL, NULL);
INSERT INTO public.room VALUES (2, '103', 2, NULL, NULL, NULL);
INSERT INTO public.room VALUES (2, '104', 2, NULL, NULL, NULL);
INSERT INTO public.room VALUES (2, '105', 2, NULL, NULL, NULL);
INSERT INTO public.room VALUES (2, '106', 2, NULL, NULL, NULL);
INSERT INTO public.room VALUES (2, '107', 2, NULL, NULL, NULL);
INSERT INTO public.room VALUES (2, '108', 2, NULL, NULL, NULL);
INSERT INTO public.room VALUES (2, '109', 2, NULL, NULL, NULL);
INSERT INTO public.room VALUES (2, '110', 2, NULL, NULL, NULL);
INSERT INTO public.room VALUES (2, '201', 1, NULL, NULL, NULL);
INSERT INTO public.room VALUES (2, '202', 1, NULL, NULL, NULL);
INSERT INTO public.room VALUES (2, '203', 1, NULL, NULL, NULL);
INSERT INTO public.room VALUES (2, '204', 1, NULL, NULL, NULL);
INSERT INTO public.room VALUES (2, '205', 1, NULL, NULL, NULL);
INSERT INTO public.room VALUES (2, '206', 1, NULL, NULL, NULL);
INSERT INTO public.room VALUES (2, '207', 1, NULL, NULL, NULL);
INSERT INTO public.room VALUES (2, '208', 1, NULL, NULL, NULL);
INSERT INTO public.room VALUES (2, '209', 1, NULL, NULL, NULL);
INSERT INTO public.room VALUES (2, '210', 1, NULL, NULL, NULL);
INSERT INTO public.room VALUES (2, '1001', 3, NULL, NULL, NULL);
INSERT INTO public.room VALUES (2, '1002', 3, NULL, NULL, NULL);
INSERT INTO public.room VALUES (2, '1003', 3, NULL, NULL, NULL);
INSERT INTO public.room VALUES (2, '1004', 3, NULL, NULL, NULL);
INSERT INTO public.room VALUES (2, '1005', 3, NULL, NULL, NULL);
INSERT INTO public.room VALUES (2, '1006', 3, NULL, NULL, NULL);
INSERT INTO public.room VALUES (2, '1007', 3, NULL, NULL, NULL);
INSERT INTO public.room VALUES (2, '1008', 3, NULL, NULL, NULL);
INSERT INTO public.room VALUES (2, '1009', 3, NULL, NULL, NULL);
INSERT INTO public.room VALUES (2, '1010', 3, NULL, NULL, NULL);
INSERT INTO public.room VALUES (3, '101', 2, NULL, NULL, NULL);
INSERT INTO public.room VALUES (3, '102', 2, NULL, NULL, NULL);
INSERT INTO public.room VALUES (3, '103', 2, NULL, NULL, NULL);
INSERT INTO public.room VALUES (3, '104', 2, NULL, NULL, NULL);
INSERT INTO public.room VALUES (3, '105', 2, NULL, NULL, NULL);
INSERT INTO public.room VALUES (3, '106', 2, NULL, NULL, NULL);
INSERT INTO public.room VALUES (3, '107', 2, NULL, NULL, NULL);
INSERT INTO public.room VALUES (3, '108', 2, NULL, NULL, NULL);
INSERT INTO public.room VALUES (3, '109', 2, NULL, NULL, NULL);
INSERT INTO public.room VALUES (3, '110', 2, NULL, NULL, NULL);
INSERT INTO public.room VALUES (3, '201', 1, NULL, NULL, NULL);
INSERT INTO public.room VALUES (3, '202', 1, NULL, NULL, NULL);
INSERT INTO public.room VALUES (3, '203', 1, NULL, NULL, NULL);
INSERT INTO public.room VALUES (3, '204', 1, NULL, NULL, NULL);
INSERT INTO public.room VALUES (3, '205', 1, NULL, NULL, NULL);
INSERT INTO public.room VALUES (3, '206', 1, NULL, NULL, NULL);
INSERT INTO public.room VALUES (3, '207', 1, NULL, NULL, NULL);
INSERT INTO public.room VALUES (3, '208', 1, NULL, NULL, NULL);
INSERT INTO public.room VALUES (3, '209', 1, NULL, NULL, NULL);
INSERT INTO public.room VALUES (3, '210', 1, NULL, NULL, NULL);
INSERT INTO public.room VALUES (3, '1001', 3, NULL, NULL, NULL);
INSERT INTO public.room VALUES (3, '1002', 3, NULL, NULL, NULL);
INSERT INTO public.room VALUES (3, '1003', 3, NULL, NULL, NULL);
INSERT INTO public.room VALUES (3, '1004', 3, NULL, NULL, NULL);
INSERT INTO public.room VALUES (3, '1005', 3, NULL, NULL, NULL);
INSERT INTO public.room VALUES (3, '1006', 3, NULL, NULL, NULL);
INSERT INTO public.room VALUES (3, '1007', 3, NULL, NULL, NULL);
INSERT INTO public.room VALUES (3, '1008', 3, NULL, NULL, NULL);
INSERT INTO public.room VALUES (3, '1009', 3, NULL, NULL, NULL);
INSERT INTO public.room VALUES (3, '1010', 3, NULL, NULL, NULL);


--
-- TOC entry 3270 (class 0 OID 202540)
-- Dependencies: 221
-- Data for Name: room_status; Type: TABLE DATA; Schema: public; Owner: -
--

INSERT INTO public.room_status VALUES (1, 'mantenimiento', 'habitacion cerrada por mantenimiento');
INSERT INTO public.room_status VALUES (2, 'reforma', 'habitacion cerrada por reformas');
INSERT INTO public.room_status VALUES (3, 'alguiler', 'habitacion apartada para alquiler');
INSERT INTO public.room_status VALUES (4, 'sucia', 'habitacion cerrada por necesidad de limpieza profunda');


--
-- TOC entry 3300 (class 0 OID 202805)
-- Dependencies: 251
-- Data for Name: room_status_record; Type: TABLE DATA; Schema: public; Owner: -
--



--
-- TOC entry 3266 (class 0 OID 202516)
-- Dependencies: 217
-- Data for Name: room_type; Type: TABLE DATA; Schema: public; Owner: -
--

INSERT INTO public.room_type VALUES (1, 'doble', 2, 200.00, 4);
INSERT INTO public.room_type VALUES (2, 'simple', 1, 120.00, 1);
INSERT INTO public.room_type VALUES (3, 'suite', 1, 350.00, 3);


--
-- TOC entry 3302 (class 0 OID 202827)
-- Dependencies: 253
-- Data for Name: season; Type: TABLE DATA; Schema: public; Owner: -
--

INSERT INTO public.season VALUES (1, 'LOW', 1);
INSERT INTO public.season VALUES (2, 'HIGH', 2);


--
-- TOC entry 3275 (class 0 OID 202577)
-- Dependencies: 226
-- Data for Name: special_offer; Type: TABLE DATA; Schema: public; Owner: -
--

INSERT INTO public.special_offer VALUES (1, '2022-08-31', '2022-09-30', true, false);
INSERT INTO public.special_offer VALUES (2, '2022-08-31', '2022-09-30', false, false);
INSERT INTO public.special_offer VALUES (3, '2022-08-31', '2022-09-30', true, false);
INSERT INTO public.special_offer VALUES (4, '2022-08-31', '2022-09-30', false, false);
INSERT INTO public.special_offer VALUES (5, '2022-08-31', '2022-09-30', false, false);


--
-- TOC entry 3276 (class 0 OID 202584)
-- Dependencies: 227
-- Data for Name: special_offer_code; Type: TABLE DATA; Schema: public; Owner: -
--



--
-- TOC entry 3293 (class 0 OID 202739)
-- Dependencies: 244
-- Data for Name: special_offer_condition; Type: TABLE DATA; Schema: public; Owner: -
--

INSERT INTO public.special_offer_condition VALUES (1, 2, 2, NULL, 7, '2022-10-12', '2022-10-26');
INSERT INTO public.special_offer_condition VALUES (2, 3, 1, NULL, NULL, NULL, NULL);
INSERT INTO public.special_offer_condition VALUES (3, 3, 2, NULL, NULL, NULL, NULL);
INSERT INTO public.special_offer_condition VALUES (4, 3, 3, NULL, NULL, NULL, NULL);
INSERT INTO public.special_offer_condition VALUES (5, 4, 2, NULL, 7, '2022-10-12', '2022-10-26');
INSERT INTO public.special_offer_condition VALUES (6, 5, 2, NULL, 7, '2022-10-12', '2022-10-26');


--
-- TOC entry 3291 (class 0 OID 202722)
-- Dependencies: 242
-- Data for Name: special_offer_product; Type: TABLE DATA; Schema: public; Owner: -
--

INSERT INTO public.special_offer_product VALUES (1, 1, 10.00, NULL, NULL);
INSERT INTO public.special_offer_product VALUES (5, 2, 100.00, NULL, NULL);
INSERT INTO public.special_offer_product VALUES (3, 2, 50.00, NULL, NULL);
INSERT INTO public.special_offer_product VALUES (1, 3, 10.00, NULL, NULL);
INSERT INTO public.special_offer_product VALUES (5, 4, 100.00, NULL, NULL);
INSERT INTO public.special_offer_product VALUES (3, 4, 50.00, NULL, NULL);
INSERT INTO public.special_offer_product VALUES (5, 5, 100.00, NULL, NULL);
INSERT INTO public.special_offer_product VALUES (3, 5, 50.00, NULL, NULL);


--
-- TOC entry 3273 (class 0 OID 202568)
-- Dependencies: 224
-- Data for Name: status_booking; Type: TABLE DATA; Schema: public; Owner: -
--

INSERT INTO public.status_booking VALUES (1, 'A', 'ACTIVE');
INSERT INTO public.status_booking VALUES (2, 'F', 'FINISHED');
INSERT INTO public.status_booking VALUES (3, 'C', 'CANCELLED');


--
-- TOC entry 3258 (class 0 OID 202469)
-- Dependencies: 209
-- Data for Name: ti18n; Type: TABLE DATA; Schema: public; Owner: -
--

INSERT INTO public.ti18n VALUES (0, 'i18n.bundle', 'Resource bundle in database');


--
-- TOC entry 3260 (class 0 OID 202476)
-- Dependencies: 211
-- Data for Name: ti18n_value; Type: TABLE DATA; Schema: public; Owner: -
--



--
-- TOC entry 3252 (class 0 OID 202439)
-- Dependencies: 203
-- Data for Name: trequest_statistics; Type: TABLE DATA; Schema: public; Owner: -
--



--
-- TOC entry 3247 (class 0 OID 202404)
-- Dependencies: 198
-- Data for Name: trole; Type: TABLE DATA; Schema: public; Owner: -
--

INSERT INTO public.trole VALUES (0, 'admin', '<?xml version="1.0" encoding="UTF-8"?><security></security>');
INSERT INTO public.trole VALUES (1, 'gestor', '<?xml version="1.0" encoding="UTF-8"?><security></security>');
INSERT INTO public.trole VALUES (2, 'recepcionista', '<?xml version="1.0" encoding="UTF-8"?><security></security>');
INSERT INTO public.trole VALUES (3, 'limpieza', '<?xml version="1.0" encoding="UTF-8"?><security></security>');
INSERT INTO public.trole VALUES (4, 'externo', '<?xml version="1.0" encoding="UTF-8"?><security></security>');


--
-- TOC entry 3262 (class 0 OID 202486)
-- Dependencies: 213
-- Data for Name: trole_server_permission; Type: TABLE DATA; Schema: public; Owner: -
--

INSERT INTO public.trole_server_permission VALUES (1, 0, 1);
INSERT INTO public.trole_server_permission VALUES (2, 0, 2);
INSERT INTO public.trole_server_permission VALUES (3, 0, 3);
INSERT INTO public.trole_server_permission VALUES (4, 0, 4);
INSERT INTO public.trole_server_permission VALUES (5, 0, 5);
INSERT INTO public.trole_server_permission VALUES (6, 0, 6);
INSERT INTO public.trole_server_permission VALUES (7, 0, 7);
INSERT INTO public.trole_server_permission VALUES (8, 0, 8);
INSERT INTO public.trole_server_permission VALUES (9, 0, 9);
INSERT INTO public.trole_server_permission VALUES (10, 0, 10);
INSERT INTO public.trole_server_permission VALUES (11, 0, 11);
INSERT INTO public.trole_server_permission VALUES (12, 0, 12);
INSERT INTO public.trole_server_permission VALUES (13, 0, 13);
INSERT INTO public.trole_server_permission VALUES (14, 0, 14);
INSERT INTO public.trole_server_permission VALUES (15, 0, 15);
INSERT INTO public.trole_server_permission VALUES (16, 0, 16);
INSERT INTO public.trole_server_permission VALUES (17, 0, 17);
INSERT INTO public.trole_server_permission VALUES (18, 0, 18);
INSERT INTO public.trole_server_permission VALUES (19, 0, 19);
INSERT INTO public.trole_server_permission VALUES (20, 0, 20);
INSERT INTO public.trole_server_permission VALUES (21, 0, 21);
INSERT INTO public.trole_server_permission VALUES (22, 0, 22);
INSERT INTO public.trole_server_permission VALUES (23, 0, 23);
INSERT INTO public.trole_server_permission VALUES (24, 0, 24);
INSERT INTO public.trole_server_permission VALUES (25, 0, 25);
INSERT INTO public.trole_server_permission VALUES (26, 0, 26);
INSERT INTO public.trole_server_permission VALUES (27, 0, 27);
INSERT INTO public.trole_server_permission VALUES (28, 0, 28);
INSERT INTO public.trole_server_permission VALUES (29, 0, 29);
INSERT INTO public.trole_server_permission VALUES (30, 0, 30);
INSERT INTO public.trole_server_permission VALUES (31, 0, 31);
INSERT INTO public.trole_server_permission VALUES (32, 0, 32);
INSERT INTO public.trole_server_permission VALUES (33, 0, 33);
INSERT INTO public.trole_server_permission VALUES (34, 0, 34);
INSERT INTO public.trole_server_permission VALUES (35, 0, 35);
INSERT INTO public.trole_server_permission VALUES (36, 0, 36);
INSERT INTO public.trole_server_permission VALUES (37, 0, 37);
INSERT INTO public.trole_server_permission VALUES (38, 0, 38);
INSERT INTO public.trole_server_permission VALUES (39, 0, 39);
INSERT INTO public.trole_server_permission VALUES (40, 0, 40);
INSERT INTO public.trole_server_permission VALUES (41, 0, 41);
INSERT INTO public.trole_server_permission VALUES (42, 0, 42);
INSERT INTO public.trole_server_permission VALUES (43, 0, 43);
INSERT INTO public.trole_server_permission VALUES (44, 0, 44);
INSERT INTO public.trole_server_permission VALUES (45, 0, 45);
INSERT INTO public.trole_server_permission VALUES (46, 0, 46);
INSERT INTO public.trole_server_permission VALUES (47, 0, 47);
INSERT INTO public.trole_server_permission VALUES (48, 0, 48);
INSERT INTO public.trole_server_permission VALUES (49, 0, 49);
INSERT INTO public.trole_server_permission VALUES (50, 0, 50);
INSERT INTO public.trole_server_permission VALUES (51, 0, 51);
INSERT INTO public.trole_server_permission VALUES (52, 0, 52);
INSERT INTO public.trole_server_permission VALUES (53, 0, 53);
INSERT INTO public.trole_server_permission VALUES (54, 0, 54);
INSERT INTO public.trole_server_permission VALUES (55, 0, 55);
INSERT INTO public.trole_server_permission VALUES (56, 0, 56);
INSERT INTO public.trole_server_permission VALUES (57, 0, 57);
INSERT INTO public.trole_server_permission VALUES (58, 0, 58);
INSERT INTO public.trole_server_permission VALUES (59, 0, 59);
INSERT INTO public.trole_server_permission VALUES (60, 0, 60);
INSERT INTO public.trole_server_permission VALUES (61, 0, 61);
INSERT INTO public.trole_server_permission VALUES (62, 0, 62);
INSERT INTO public.trole_server_permission VALUES (63, 0, 63);
INSERT INTO public.trole_server_permission VALUES (64, 0, 64);
INSERT INTO public.trole_server_permission VALUES (65, 0, 65);
INSERT INTO public.trole_server_permission VALUES (66, 0, 66);
INSERT INTO public.trole_server_permission VALUES (67, 0, 67);
INSERT INTO public.trole_server_permission VALUES (68, 0, 68);
INSERT INTO public.trole_server_permission VALUES (69, 0, 69);
INSERT INTO public.trole_server_permission VALUES (70, 0, 70);
INSERT INTO public.trole_server_permission VALUES (71, 0, 71);
INSERT INTO public.trole_server_permission VALUES (72, 0, 72);
INSERT INTO public.trole_server_permission VALUES (73, 0, 73);
INSERT INTO public.trole_server_permission VALUES (74, 0, 74);
INSERT INTO public.trole_server_permission VALUES (75, 0, 75);
INSERT INTO public.trole_server_permission VALUES (76, 0, 76);
INSERT INTO public.trole_server_permission VALUES (77, 0, 77);
INSERT INTO public.trole_server_permission VALUES (78, 0, 78);
INSERT INTO public.trole_server_permission VALUES (79, 0, 79);
INSERT INTO public.trole_server_permission VALUES (80, 0, 80);
INSERT INTO public.trole_server_permission VALUES (81, 0, 81);
INSERT INTO public.trole_server_permission VALUES (82, 0, 82);
INSERT INTO public.trole_server_permission VALUES (83, 0, 83);
INSERT INTO public.trole_server_permission VALUES (84, 0, 84);
INSERT INTO public.trole_server_permission VALUES (85, 0, 85);
INSERT INTO public.trole_server_permission VALUES (86, 0, 86);
INSERT INTO public.trole_server_permission VALUES (87, 0, 87);
INSERT INTO public.trole_server_permission VALUES (88, 0, 88);
INSERT INTO public.trole_server_permission VALUES (89, 0, 89);
INSERT INTO public.trole_server_permission VALUES (90, 0, 90);
INSERT INTO public.trole_server_permission VALUES (91, 0, 91);
INSERT INTO public.trole_server_permission VALUES (92, 0, 92);
INSERT INTO public.trole_server_permission VALUES (93, 0, 93);
INSERT INTO public.trole_server_permission VALUES (94, 0, 94);
INSERT INTO public.trole_server_permission VALUES (95, 0, 95);
INSERT INTO public.trole_server_permission VALUES (96, 0, 96);
INSERT INTO public.trole_server_permission VALUES (97, 0, 97);
INSERT INTO public.trole_server_permission VALUES (98, 0, 98);
INSERT INTO public.trole_server_permission VALUES (99, 0, 99);
INSERT INTO public.trole_server_permission VALUES (100, 0, 100);
INSERT INTO public.trole_server_permission VALUES (101, 0, 101);
INSERT INTO public.trole_server_permission VALUES (102, 0, 102);
INSERT INTO public.trole_server_permission VALUES (103, 0, 103);
INSERT INTO public.trole_server_permission VALUES (104, 0, 104);
INSERT INTO public.trole_server_permission VALUES (105, 0, 105);
INSERT INTO public.trole_server_permission VALUES (106, 0, 106);
INSERT INTO public.trole_server_permission VALUES (107, 0, 107);
INSERT INTO public.trole_server_permission VALUES (108, 0, 108);
INSERT INTO public.trole_server_permission VALUES (109, 0, 109);
INSERT INTO public.trole_server_permission VALUES (110, 0, 110);
INSERT INTO public.trole_server_permission VALUES (111, 0, 111);
INSERT INTO public.trole_server_permission VALUES (112, 0, 112);
INSERT INTO public.trole_server_permission VALUES (113, 0, 113);
INSERT INTO public.trole_server_permission VALUES (114, 0, 114);
INSERT INTO public.trole_server_permission VALUES (115, 0, 115);
INSERT INTO public.trole_server_permission VALUES (116, 0, 116);
INSERT INTO public.trole_server_permission VALUES (117, 0, 117);
INSERT INTO public.trole_server_permission VALUES (118, 0, 118);
INSERT INTO public.trole_server_permission VALUES (119, 0, 119);
INSERT INTO public.trole_server_permission VALUES (120, 0, 120);
INSERT INTO public.trole_server_permission VALUES (121, 0, 121);
INSERT INTO public.trole_server_permission VALUES (122, 0, 122);
INSERT INTO public.trole_server_permission VALUES (123, 0, 123);
INSERT INTO public.trole_server_permission VALUES (124, 0, 124);
INSERT INTO public.trole_server_permission VALUES (125, 0, 125);
INSERT INTO public.trole_server_permission VALUES (126, 0, 126);
INSERT INTO public.trole_server_permission VALUES (127, 0, 127);
INSERT INTO public.trole_server_permission VALUES (128, 0, 128);
INSERT INTO public.trole_server_permission VALUES (129, 0, 129);
INSERT INTO public.trole_server_permission VALUES (130, 0, 130);
INSERT INTO public.trole_server_permission VALUES (131, 0, 131);
INSERT INTO public.trole_server_permission VALUES (132, 0, 132);
INSERT INTO public.trole_server_permission VALUES (133, 0, 133);
INSERT INTO public.trole_server_permission VALUES (134, 0, 134);
INSERT INTO public.trole_server_permission VALUES (135, 0, 135);
INSERT INTO public.trole_server_permission VALUES (136, 0, 136);
INSERT INTO public.trole_server_permission VALUES (137, 0, 137);
INSERT INTO public.trole_server_permission VALUES (138, 0, 138);
INSERT INTO public.trole_server_permission VALUES (139, 1, 46);
INSERT INTO public.trole_server_permission VALUES (140, 1, 47);
INSERT INTO public.trole_server_permission VALUES (141, 1, 48);
INSERT INTO public.trole_server_permission VALUES (142, 1, 49);
INSERT INTO public.trole_server_permission VALUES (143, 1, 50);
INSERT INTO public.trole_server_permission VALUES (144, 1, 51);
INSERT INTO public.trole_server_permission VALUES (145, 1, 52);
INSERT INTO public.trole_server_permission VALUES (146, 1, 53);
INSERT INTO public.trole_server_permission VALUES (147, 1, 60);
INSERT INTO public.trole_server_permission VALUES (148, 1, 61);
INSERT INTO public.trole_server_permission VALUES (149, 1, 63);
INSERT INTO public.trole_server_permission VALUES (150, 1, 62);
INSERT INTO public.trole_server_permission VALUES (151, 1, 54);
INSERT INTO public.trole_server_permission VALUES (152, 1, 55);
INSERT INTO public.trole_server_permission VALUES (153, 1, 56);
INSERT INTO public.trole_server_permission VALUES (154, 1, 57);
INSERT INTO public.trole_server_permission VALUES (155, 1, 59);
INSERT INTO public.trole_server_permission VALUES (156, 1, 17);
INSERT INTO public.trole_server_permission VALUES (157, 1, 7);
INSERT INTO public.trole_server_permission VALUES (158, 1, 8);
INSERT INTO public.trole_server_permission VALUES (159, 1, 9);
INSERT INTO public.trole_server_permission VALUES (160, 1, 19);
INSERT INTO public.trole_server_permission VALUES (161, 1, 24);
INSERT INTO public.trole_server_permission VALUES (162, 1, 25);
INSERT INTO public.trole_server_permission VALUES (163, 1, 26);
INSERT INTO public.trole_server_permission VALUES (164, 1, 27);
INSERT INTO public.trole_server_permission VALUES (165, 1, 30);
INSERT INTO public.trole_server_permission VALUES (166, 1, 10);
INSERT INTO public.trole_server_permission VALUES (167, 1, 28);
INSERT INTO public.trole_server_permission VALUES (168, 1, 64);
INSERT INTO public.trole_server_permission VALUES (169, 1, 65);
INSERT INTO public.trole_server_permission VALUES (170, 1, 66);
INSERT INTO public.trole_server_permission VALUES (171, 1, 67);
INSERT INTO public.trole_server_permission VALUES (172, 1, 68);
INSERT INTO public.trole_server_permission VALUES (173, 1, 69);
INSERT INTO public.trole_server_permission VALUES (174, 1, 70);
INSERT INTO public.trole_server_permission VALUES (175, 1, 71);
INSERT INTO public.trole_server_permission VALUES (176, 1, 72);
INSERT INTO public.trole_server_permission VALUES (177, 1, 73);
INSERT INTO public.trole_server_permission VALUES (178, 1, 74);
INSERT INTO public.trole_server_permission VALUES (179, 1, 75);
INSERT INTO public.trole_server_permission VALUES (180, 1, 76);
INSERT INTO public.trole_server_permission VALUES (181, 1, 82);
INSERT INTO public.trole_server_permission VALUES (182, 1, 83);
INSERT INTO public.trole_server_permission VALUES (183, 1, 84);
INSERT INTO public.trole_server_permission VALUES (184, 1, 85);
INSERT INTO public.trole_server_permission VALUES (185, 1, 86);
INSERT INTO public.trole_server_permission VALUES (186, 1, 87);
INSERT INTO public.trole_server_permission VALUES (187, 1, 88);
INSERT INTO public.trole_server_permission VALUES (188, 1, 89);
INSERT INTO public.trole_server_permission VALUES (189, 1, 35);
INSERT INTO public.trole_server_permission VALUES (190, 1, 36);
INSERT INTO public.trole_server_permission VALUES (191, 1, 37);
INSERT INTO public.trole_server_permission VALUES (192, 1, 38);
INSERT INTO public.trole_server_permission VALUES (193, 1, 39);
INSERT INTO public.trole_server_permission VALUES (194, 1, 40);
INSERT INTO public.trole_server_permission VALUES (195, 1, 41);
INSERT INTO public.trole_server_permission VALUES (196, 1, 42);
INSERT INTO public.trole_server_permission VALUES (197, 1, 43);
INSERT INTO public.trole_server_permission VALUES (198, 1, 44);
INSERT INTO public.trole_server_permission VALUES (199, 1, 45);
INSERT INTO public.trole_server_permission VALUES (200, 1, 58);
INSERT INTO public.trole_server_permission VALUES (201, 1, 29);
INSERT INTO public.trole_server_permission VALUES (202, 1, NULL);
INSERT INTO public.trole_server_permission VALUES (203, 1, 77);
INSERT INTO public.trole_server_permission VALUES (204, 1, 78);
INSERT INTO public.trole_server_permission VALUES (205, 1, 79);
INSERT INTO public.trole_server_permission VALUES (206, 1, 80);
INSERT INTO public.trole_server_permission VALUES (207, 1, 94);
INSERT INTO public.trole_server_permission VALUES (208, 1, 19);
INSERT INTO public.trole_server_permission VALUES (209, 1, 95);
INSERT INTO public.trole_server_permission VALUES (210, 1, 96);
INSERT INTO public.trole_server_permission VALUES (211, 1, 97);
INSERT INTO public.trole_server_permission VALUES (212, 1, 98);
INSERT INTO public.trole_server_permission VALUES (213, 1, 99);
INSERT INTO public.trole_server_permission VALUES (214, 1, 116);
INSERT INTO public.trole_server_permission VALUES (215, 1, 117);
INSERT INTO public.trole_server_permission VALUES (216, 1, 118);
INSERT INTO public.trole_server_permission VALUES (217, 1, 119);
INSERT INTO public.trole_server_permission VALUES (218, 1, 128);
INSERT INTO public.trole_server_permission VALUES (219, 1, 129);
INSERT INTO public.trole_server_permission VALUES (220, 1, 130);
INSERT INTO public.trole_server_permission VALUES (221, 1, 135);
INSERT INTO public.trole_server_permission VALUES (222, 1, 136);
INSERT INTO public.trole_server_permission VALUES (223, 1, 137);
INSERT INTO public.trole_server_permission VALUES (224, 1, 138);
INSERT INTO public.trole_server_permission VALUES (225, 1, 20);
INSERT INTO public.trole_server_permission VALUES (226, 1, 21);
INSERT INTO public.trole_server_permission VALUES (227, 1, 23);
INSERT INTO public.trole_server_permission VALUES (228, 1, 22);
INSERT INTO public.trole_server_permission VALUES (229, 1, 107);
INSERT INTO public.trole_server_permission VALUES (230, 1, 108);
INSERT INTO public.trole_server_permission VALUES (231, 1, 109);
INSERT INTO public.trole_server_permission VALUES (232, 1, 110);
INSERT INTO public.trole_server_permission VALUES (233, 1, 111);
INSERT INTO public.trole_server_permission VALUES (234, 1, 3);
INSERT INTO public.trole_server_permission VALUES (235, 1, 4);
INSERT INTO public.trole_server_permission VALUES (236, 1, 6);
INSERT INTO public.trole_server_permission VALUES (237, 1, 5);
INSERT INTO public.trole_server_permission VALUES (238, 1, 90);
INSERT INTO public.trole_server_permission VALUES (239, 1, 91);
INSERT INTO public.trole_server_permission VALUES (240, 1, 92);
INSERT INTO public.trole_server_permission VALUES (241, 1, 93);
INSERT INTO public.trole_server_permission VALUES (242, 1, 100);
INSERT INTO public.trole_server_permission VALUES (243, 1, 101);
INSERT INTO public.trole_server_permission VALUES (244, 1, 102);
INSERT INTO public.trole_server_permission VALUES (245, 1, 103);
INSERT INTO public.trole_server_permission VALUES (246, 1, 104);
INSERT INTO public.trole_server_permission VALUES (247, 1, 105);
INSERT INTO public.trole_server_permission VALUES (248, 1, 106);
INSERT INTO public.trole_server_permission VALUES (249, 1, 13);
INSERT INTO public.trole_server_permission VALUES (250, 1, 14);
INSERT INTO public.trole_server_permission VALUES (251, 1, 15);
INSERT INTO public.trole_server_permission VALUES (252, 1, 18);
INSERT INTO public.trole_server_permission VALUES (253, 2, 24);
INSERT INTO public.trole_server_permission VALUES (254, 2, 25);
INSERT INTO public.trole_server_permission VALUES (255, 2, 26);
INSERT INTO public.trole_server_permission VALUES (256, 2, 27);
INSERT INTO public.trole_server_permission VALUES (257, 2, 30);
INSERT INTO public.trole_server_permission VALUES (258, 2, 28);
INSERT INTO public.trole_server_permission VALUES (259, 2, 46);
INSERT INTO public.trole_server_permission VALUES (260, 2, 60);
INSERT INTO public.trole_server_permission VALUES (261, 2, 59);
INSERT INTO public.trole_server_permission VALUES (262, 2, 8);
INSERT INTO public.trole_server_permission VALUES (263, 2, 7);
INSERT INTO public.trole_server_permission VALUES (264, 2, 12);
INSERT INTO public.trole_server_permission VALUES (265, 2, 58);
INSERT INTO public.trole_server_permission VALUES (266, 2, 9);
INSERT INTO public.trole_server_permission VALUES (267, 2, NULL);
INSERT INTO public.trole_server_permission VALUES (268, 2, 44);
INSERT INTO public.trole_server_permission VALUES (269, 2, 45);
INSERT INTO public.trole_server_permission VALUES (270, 2, 35);
INSERT INTO public.trole_server_permission VALUES (271, 2, 16);
INSERT INTO public.trole_server_permission VALUES (272, 2, 11);
INSERT INTO public.trole_server_permission VALUES (273, 2, 13);
INSERT INTO public.trole_server_permission VALUES (274, 2, 14);
INSERT INTO public.trole_server_permission VALUES (275, 2, 10);
INSERT INTO public.trole_server_permission VALUES (276, 2, 19);
INSERT INTO public.trole_server_permission VALUES (277, 2, 20);
INSERT INTO public.trole_server_permission VALUES (278, 2, 21);
INSERT INTO public.trole_server_permission VALUES (279, 2, 23);
INSERT INTO public.trole_server_permission VALUES (280, 2, 22);
INSERT INTO public.trole_server_permission VALUES (281, 2, 107);
INSERT INTO public.trole_server_permission VALUES (282, 2, 3);
INSERT INTO public.trole_server_permission VALUES (283, 2, 90);
INSERT INTO public.trole_server_permission VALUES (284, 2, 69);
INSERT INTO public.trole_server_permission VALUES (285, 2, 73);
INSERT INTO public.trole_server_permission VALUES (286, 2, 50);
INSERT INTO public.trole_server_permission VALUES (287, 2, 51);
INSERT INTO public.trole_server_permission VALUES (288, 2, 52);
INSERT INTO public.trole_server_permission VALUES (289, 2, 53);
INSERT INTO public.trole_server_permission VALUES (290, 2, 44);
INSERT INTO public.trole_server_permission VALUES (291, 2, 45);
INSERT INTO public.trole_server_permission VALUES (292, 2, 39);
INSERT INTO public.trole_server_permission VALUES (293, 2, 111);
INSERT INTO public.trole_server_permission VALUES (294, 2, 15);
INSERT INTO public.trole_server_permission VALUES (295, 2, 17);
INSERT INTO public.trole_server_permission VALUES (296, 2, 19);
INSERT INTO public.trole_server_permission VALUES (297, 2, 18);
INSERT INTO public.trole_server_permission VALUES (298, 2, 99);
INSERT INTO public.trole_server_permission VALUES (299, 2, NULL);
INSERT INTO public.trole_server_permission VALUES (300, 2, 117);
INSERT INTO public.trole_server_permission VALUES (301, 2, 118);
INSERT INTO public.trole_server_permission VALUES (302, 2, 94);
INSERT INTO public.trole_server_permission VALUES (303, 3, 17);
INSERT INTO public.trole_server_permission VALUES (304, 3, 44);
INSERT INTO public.trole_server_permission VALUES (305, 3, 45);
INSERT INTO public.trole_server_permission VALUES (306, 3, 35);
INSERT INTO public.trole_server_permission VALUES (307, 3, 44);
INSERT INTO public.trole_server_permission VALUES (308, 3, 45);
INSERT INTO public.trole_server_permission VALUES (309, 3, 59);
INSERT INTO public.trole_server_permission VALUES (310, 4, 50);
INSERT INTO public.trole_server_permission VALUES (311, 4, 51);
INSERT INTO public.trole_server_permission VALUES (312, 4, 52);
INSERT INTO public.trole_server_permission VALUES (313, 4, 53);
INSERT INTO public.trole_server_permission VALUES (314, 4, 16);
INSERT INTO public.trole_server_permission VALUES (315, 4, 7);
INSERT INTO public.trole_server_permission VALUES (316, 4, 10);
INSERT INTO public.trole_server_permission VALUES (317, 4, 9);
INSERT INTO public.trole_server_permission VALUES (318, 4, 30);
INSERT INTO public.trole_server_permission VALUES (319, 4, 69);
INSERT INTO public.trole_server_permission VALUES (320, 4, NULL);
INSERT INTO public.trole_server_permission VALUES (321, 4, 15);
INSERT INTO public.trole_server_permission VALUES (322, 4, 117);
INSERT INTO public.trole_server_permission VALUES (323, 4, 118);


--
-- TOC entry 3251 (class 0 OID 202431)
-- Dependencies: 202
-- Data for Name: tserver_permission; Type: TABLE DATA; Schema: public; Owner: -
--

INSERT INTO public.tserver_permission VALUES (1, 'com.ontimize.jee.common.services.user.IUserInformationService/getUserInformation');
INSERT INTO public.tserver_permission VALUES (2, 'com.ontimize.hr.api.core.service.IUserService/userQuery');
INSERT INTO public.tserver_permission VALUES (3, 'com.ontimize.hr.api.core.service.IBookingService/bookingQuery');
INSERT INTO public.tserver_permission VALUES (4, 'com.ontimize.hr.api.core.service.IBookingService/bookingInsert');
INSERT INTO public.tserver_permission VALUES (5, 'com.ontimize.hr.api.core.service.IBookingService/bookingUpdate');
INSERT INTO public.tserver_permission VALUES (6, 'com.ontimize.hr.api.core.service.IBookingService/bookingDelete');
INSERT INTO public.tserver_permission VALUES (7, 'com.ontimize.hr.api.core.service.IBookingService/bookingFreeQuery');
INSERT INTO public.tserver_permission VALUES (8, 'com.ontimize.hr.api.core.service.IBookingService/bookingOcupiedQuery');
INSERT INTO public.tserver_permission VALUES (9, 'com.ontimize.hr.api.core.service.IBookingService/bookingByType');
INSERT INTO public.tserver_permission VALUES (10, 'com.ontimize.hr.api.core.service.IBookingService/bookingFreeByTypeQuery');
INSERT INTO public.tserver_permission VALUES (11, 'com.ontimize.hr.api.core.service.IBookingService/bookingcheckintodayQuery');
INSERT INTO public.tserver_permission VALUES (12, 'com.ontimize.hr.api.core.service.IBookingService/bookingSearchByClient');
INSERT INTO public.tserver_permission VALUES (13, 'com.ontimize.hr.api.core.service.IBookingService/checkIn');
INSERT INTO public.tserver_permission VALUES (14, 'com.ontimize.hr.api.core.service.IBookingService/checkOut');
INSERT INTO public.tserver_permission VALUES (15, 'com.ontimize.hr.api.core.service.IBookingService/bookingFreeByCityOrHotel');
INSERT INTO public.tserver_permission VALUES (16, 'com.ontimize.hr.api.core.service.IBookingService/getBudget');
INSERT INTO public.tserver_permission VALUES (17, 'com.ontimize.hr.api.core.service.IBookingService/bookingOcupiedCleanQuery');
INSERT INTO public.tserver_permission VALUES (18, 'com.ontimize.hr.api.core.service.IBookingService/bookingRoomChange');
INSERT INTO public.tserver_permission VALUES (19, 'com.ontimize.hr.api.core.service.IBookingService/getPdfReport');
INSERT INTO public.tserver_permission VALUES (20, 'com.ontimize.hr.api.core.service.IBookingGuestService/bookingGuestQuery');
INSERT INTO public.tserver_permission VALUES (21, 'com.ontimize.hr.api.core.service.IBookingGuestService/bookingGuestInsert');
INSERT INTO public.tserver_permission VALUES (22, 'com.ontimize.hr.api.core.service.IBookingGuestService/bookingGuestUpdate');
INSERT INTO public.tserver_permission VALUES (23, 'com.ontimize.hr.api.core.service.IBookingGuestService/bookingGuestDelete');
INSERT INTO public.tserver_permission VALUES (24, 'com.ontimize.hr.api.core.service.IClientService/clientQuery');
INSERT INTO public.tserver_permission VALUES (25, 'com.ontimize.hr.api.core.service.IClientService/clientInsert');
INSERT INTO public.tserver_permission VALUES (26, 'com.ontimize.hr.api.core.service.IClientService/clientUpdate');
INSERT INTO public.tserver_permission VALUES (27, 'com.ontimize.hr.api.core.service.IClientService/clientDelete');
INSERT INTO public.tserver_permission VALUES (28, 'com.ontimize.hr.api.core.service.IClientService/clientsInDateQuery');
INSERT INTO public.tserver_permission VALUES (29, 'com.ontimize.hr.api.core.service.IClientService/sendMailClients');
INSERT INTO public.tserver_permission VALUES (30, 'com.ontimize.hr.api.core.service.IClientService/upsertClient');
INSERT INTO public.tserver_permission VALUES (31, 'com.ontimize.hr.api.core.service.IEmployeeTypeService/employeeTypeQuery');
INSERT INTO public.tserver_permission VALUES (32, 'com.ontimize.hr.api.core.service.IEmployeeTypeService/employeeTypeInsert');
INSERT INTO public.tserver_permission VALUES (33, 'com.ontimize.hr.api.core.service.IEmployeeTypeService/employeeTypeUpdate');
INSERT INTO public.tserver_permission VALUES (34, 'com.ontimize.hr.api.core.service.IEmployeeTypeService/employeeTypeDelete');
INSERT INTO public.tserver_permission VALUES (35, 'com.ontimize.hr.api.core.service.IEmployeeScheduleService/employeeScheduleQuery');
INSERT INTO public.tserver_permission VALUES (36, 'com.ontimize.hr.api.core.service.IEmployeeScheduleService/employeeScheduleInsert');
INSERT INTO public.tserver_permission VALUES (37, 'com.ontimize.hr.api.core.service.IEmployeeScheduleService/employeeScheduleUpdate');
INSERT INTO public.tserver_permission VALUES (38, 'com.ontimize.hr.api.core.service.IEmployeeScheduleService/employeeScheduleDelete');
INSERT INTO public.tserver_permission VALUES (39, 'com.ontimize.hr.api.core.service.IEmployeeScheduleService/employeeScheduleToday');
INSERT INTO public.tserver_permission VALUES (40, 'com.ontimize.hr.api.core.service.IEmployeeClockService/employeeClockQuery');
INSERT INTO public.tserver_permission VALUES (41, 'com.ontimize.hr.api.core.service.IEmployeeClockService/employeeClockInsert');
INSERT INTO public.tserver_permission VALUES (42, 'com.ontimize.hr.api.core.service.IEmployeeClockService/employeeClockUpdate');
INSERT INTO public.tserver_permission VALUES (43, 'com.ontimize.hr.api.core.service.IEmployeeClockService/employeeClockDelete');
INSERT INTO public.tserver_permission VALUES (44, 'com.ontimize.hr.api.core.service.IEmployeeClockService/employeeClockIn');
INSERT INTO public.tserver_permission VALUES (45, 'com.ontimize.hr.api.core.service.IEmployeeClockService/employeeClockOut');
INSERT INTO public.tserver_permission VALUES (46, 'com.ontimize.hr.api.core.service.IHotelService/hotelQuery');
INSERT INTO public.tserver_permission VALUES (47, 'com.ontimize.hr.api.core.service.IHotelService/hotelInsert');
INSERT INTO public.tserver_permission VALUES (48, 'com.ontimize.hr.api.core.service.IHotelService/hotelUpdate');
INSERT INTO public.tserver_permission VALUES (49, 'com.ontimize.hr.api.core.service.IHotelService/hotelDelete');
INSERT INTO public.tserver_permission VALUES (50, 'com.ontimize.hr.api.core.service.IHotelService/getHotelByCoordinates');
INSERT INTO public.tserver_permission VALUES (51, 'com.ontimize.hr.api.core.service.IHotelService/getAirports');
INSERT INTO public.tserver_permission VALUES (52, 'com.ontimize.hr.api.core.service.IHotelService/getRecommendations');
INSERT INTO public.tserver_permission VALUES (53, 'com.ontimize.hr.api.core.service.IHotelService/getWeather');
INSERT INTO public.tserver_permission VALUES (54, 'com.ontimize.hr.api.core.service.IRoomService/roomQuery');
INSERT INTO public.tserver_permission VALUES (55, 'com.ontimize.hr.api.core.service.IRoomService/roomInsert');
INSERT INTO public.tserver_permission VALUES (56, 'com.ontimize.hr.api.core.service.IRoomService/roomUpdate');
INSERT INTO public.tserver_permission VALUES (57, 'com.ontimize.hr.api.core.service.IRoomService/roomDelete');
INSERT INTO public.tserver_permission VALUES (58, 'com.ontimize.hr.api.core.service.IRoomService/roomUpdateStatus');
INSERT INTO public.tserver_permission VALUES (59, 'com.ontimize.hr.api.core.service.IRoomService/roomMarkDirty');
INSERT INTO public.tserver_permission VALUES (60, 'com.ontimize.hr.api.core.service.IRoomTypeService/roomTypeQuery');
INSERT INTO public.tserver_permission VALUES (61, 'com.ontimize.hr.api.core.service.IRoomTypeService/roomTypeInsert');
INSERT INTO public.tserver_permission VALUES (62, 'com.ontimize.hr.api.core.service.IRoomTypeService/roomTypeUpdate');
INSERT INTO public.tserver_permission VALUES (63, 'com.ontimize.hr.api.core.service.IRoomTypeService/roomTypeDelete');
INSERT INTO public.tserver_permission VALUES (64, 'com.ontimize.hr.api.core.service.IEmployeeService/employeeQuery');
INSERT INTO public.tserver_permission VALUES (65, 'com.ontimize.hr.api.core.service.IEmployeeService/employeeInsert');
INSERT INTO public.tserver_permission VALUES (66, 'com.ontimize.hr.api.core.service.IEmployeeService/employeeUpdate');
INSERT INTO public.tserver_permission VALUES (67, 'com.ontimize.hr.api.core.service.IEmployeeService/employeeDelete');
INSERT INTO public.tserver_permission VALUES (68, 'com.ontimize.hr.api.core.service.IEmployeeService/employeeCreateUser');
INSERT INTO public.tserver_permission VALUES (69, 'com.ontimize.hr.api.core.service.ISeasonService/seasonQuery');
INSERT INTO public.tserver_permission VALUES (70, 'com.ontimize.hr.api.core.service.ISeasonService/seasonInsert');
INSERT INTO public.tserver_permission VALUES (71, 'com.ontimize.hr.api.core.service.ISeasonService/seasonUpdate');
INSERT INTO public.tserver_permission VALUES (72, 'com.ontimize.hr.api.core.service.ISeasonService/seasonDelete');
INSERT INTO public.tserver_permission VALUES (73, 'com.ontimize.hr.api.core.service.IDatesSeasonService/datesSeasonQuery');
INSERT INTO public.tserver_permission VALUES (74, 'com.ontimize.hr.api.core.service.IDatesSeasonService/datesSeasonInsert');
INSERT INTO public.tserver_permission VALUES (75, 'com.ontimize.hr.api.core.service.IDatesSeasonService/datesSeasonUpdate');
INSERT INTO public.tserver_permission VALUES (76, 'com.ontimize.hr.api.core.service.IDatesSeasonService/datesSeasonDelete');
INSERT INTO public.tserver_permission VALUES (77, 'com.ontimize.hr.api.core.service.IOffersService/offerQuery');
INSERT INTO public.tserver_permission VALUES (78, 'com.ontimize.hr.api.core.service.IOffersService/offerInsert');
INSERT INTO public.tserver_permission VALUES (79, 'com.ontimize.hr.api.core.service.IOffersService/offerUpdate');
INSERT INTO public.tserver_permission VALUES (80, 'com.ontimize.hr.api.core.service.IOffersService/offerDelete');
INSERT INTO public.tserver_permission VALUES (81, 'com.ontimize.hr.api.core.service.IOffersService/offersByDateRange');
INSERT INTO public.tserver_permission VALUES (82, 'com.ontimize.hr.api.core.service.IDetailsTypeService/detailsTypeQuery');
INSERT INTO public.tserver_permission VALUES (83, 'com.ontimize.hr.api.core.service.IDetailsTypeService/detailsTypeInsert');
INSERT INTO public.tserver_permission VALUES (84, 'com.ontimize.hr.api.core.service.IDetailsTypeService/detailsTypeUpdate');
INSERT INTO public.tserver_permission VALUES (85, 'com.ontimize.hr.api.core.service.IDetailsTypeService/detailsTypeDelete');
INSERT INTO public.tserver_permission VALUES (86, 'com.ontimize.hr.api.core.service.IDetailsTypeHotelService/detailsTypeHotelQuery');
INSERT INTO public.tserver_permission VALUES (87, 'com.ontimize.hr.api.core.service.IDetailsTypeHotelService/detailsTypeHotelInsert');
INSERT INTO public.tserver_permission VALUES (88, 'com.ontimize.hr.api.core.service.IDetailsTypeHotelService/detailsTypeHotelUpdate');
INSERT INTO public.tserver_permission VALUES (89, 'com.ontimize.hr.api.core.service.IDetailsTypeHotelService/detailsTypeHotelDelete');
INSERT INTO public.tserver_permission VALUES (90, 'com.ontimize.hr.api.core.service.IBookingDetailsService/bookingDetailsQuery');
INSERT INTO public.tserver_permission VALUES (91, 'com.ontimize.hr.api.core.service.IBookingDetailsService/bookingDetailsInsert');
INSERT INTO public.tserver_permission VALUES (92, 'com.ontimize.hr.api.core.service.IBookingDetailsService/bookingDetailsUpdate');
INSERT INTO public.tserver_permission VALUES (93, 'com.ontimize.hr.api.core.service.IBookingDetailsService/bookingDetailsDelete');
INSERT INTO public.tserver_permission VALUES (94, 'com.ontimize.hr.api.core.service.IBookingDetailsService/bookingDetailsAdd');
INSERT INTO public.tserver_permission VALUES (95, 'com.ontimize.hr.api.core.service.ICancellationsService/cancellationsQuery');
INSERT INTO public.tserver_permission VALUES (96, 'com.ontimize.hr.api.core.service.ICancellationsService/cancellationsInsert');
INSERT INTO public.tserver_permission VALUES (97, 'com.ontimize.hr.api.core.service.ICancellationsService/cancellationsUpdate');
INSERT INTO public.tserver_permission VALUES (98, 'com.ontimize.hr.api.core.service.ICancellationsService/cancellationsDelete');
INSERT INTO public.tserver_permission VALUES (99, 'com.ontimize.hr.api.core.service.ICancellationsService/cancelBooking');
INSERT INTO public.tserver_permission VALUES (100, 'com.ontimize.hr.api.core.service.IPictureService/pictureQuery');
INSERT INTO public.tserver_permission VALUES (101, 'com.ontimize.hr.api.core.service.IPictureService/pictureInsert');
INSERT INTO public.tserver_permission VALUES (102, 'com.ontimize.hr.api.core.service.IPictureService/pictureUpdate');
INSERT INTO public.tserver_permission VALUES (103, 'com.ontimize.hr.api.core.service.IPictureService/pictureDelete');
INSERT INTO public.tserver_permission VALUES (104, 'com.ontimize.hr.api.core.service.IPictureService/getPicture');
INSERT INTO public.tserver_permission VALUES (105, 'com.ontimize.hr.api.core.service.IPictureService/postPicture');
INSERT INTO public.tserver_permission VALUES (106, 'com.ontimize.hr.api.core.service.IPictureService/getPictureArray');
INSERT INTO public.tserver_permission VALUES (107, 'com.ontimize.hr.api.core.service.IRoomStatusRecordService/roomStatusRecordQuery');
INSERT INTO public.tserver_permission VALUES (108, 'com.ontimize.hr.api.core.service.IRoomStatusRecordService/roomStatusRecordInsert');
INSERT INTO public.tserver_permission VALUES (109, 'com.ontimize.hr.api.core.service.IRoomStatusRecordService/roomStatusRecordUpdate');
INSERT INTO public.tserver_permission VALUES (110, 'com.ontimize.hr.api.core.service.IRoomStatusRecordService/roomStatusRecordDelete');
INSERT INTO public.tserver_permission VALUES (111, 'com.ontimize.hr.api.core.service.IRoomStatusRecordService/roomStatusRecordSearch');
INSERT INTO public.tserver_permission VALUES (112, 'com.ontimize.hr.api.core.service.ISpecialOffersService/specialOfferQuery');
INSERT INTO public.tserver_permission VALUES (113, 'com.ontimize.hr.api.core.service.ISpecialOffersService/specialOfferInsert');
INSERT INTO public.tserver_permission VALUES (114, 'com.ontimize.hr.api.core.service.ISpecialOffersService/specialOfferUpdate');
INSERT INTO public.tserver_permission VALUES (115, 'com.ontimize.hr.api.core.service.ISpecialOffersService/specialOfferDelete');
INSERT INTO public.tserver_permission VALUES (116, 'com.ontimize.hr.api.core.service.ISpecialOffersService/specialOfferCreate');
INSERT INTO public.tserver_permission VALUES (117, 'com.ontimize.hr.api.core.service.ISpecialOffersService/specialOfferListAll');
INSERT INTO public.tserver_permission VALUES (118, 'com.ontimize.hr.api.core.service.ISpecialOffersService/specialOfferListAlternatives');
INSERT INTO public.tserver_permission VALUES (119, 'com.ontimize.hr.api.core.service.ISpecialOffersService/specialOfferDisable');
INSERT INTO public.tserver_permission VALUES (120, 'com.ontimize.hr.api.core.service.ISpecialOffersCodesService/specialOfferCodeQuery');
INSERT INTO public.tserver_permission VALUES (121, 'com.ontimize.hr.api.core.service.ISpecialOffersCodesService/specialOfferCodeInsert');
INSERT INTO public.tserver_permission VALUES (122, 'com.ontimize.hr.api.core.service.ISpecialOffersCodesService/specialOfferCodeUpdate');
INSERT INTO public.tserver_permission VALUES (123, 'com.ontimize.hr.api.core.service.ISpecialOffersCodesService/specialOfferCodeDelete');
INSERT INTO public.tserver_permission VALUES (124, 'com.ontimize.hr.api.core.service.ISpecialOffersConditionsService/specialOfferConditionQuery');
INSERT INTO public.tserver_permission VALUES (125, 'com.ontimize.hr.api.core.service.ISpecialOffersConditionsService/specialOfferConditionInsert');
INSERT INTO public.tserver_permission VALUES (126, 'com.ontimize.hr.api.core.service.ISpecialOffersConditionsService/specialOfferConditionUpdate');
INSERT INTO public.tserver_permission VALUES (127, 'com.ontimize.hr.api.core.service.ISpecialOffersConditionsService/specialOfferConditionDelete');
INSERT INTO public.tserver_permission VALUES (128, 'com.ontimize.hr.api.core.service.ISpecialOffersConditionsService/specialOfferConditionAdd');
INSERT INTO public.tserver_permission VALUES (129, 'com.ontimize.hr.api.core.service.ISpecialOffersConditionsService/specialOfferConditionModify');
INSERT INTO public.tserver_permission VALUES (130, 'com.ontimize.hr.api.core.service.ISpecialOffersConditionsService/specialOfferConditionRemove');
INSERT INTO public.tserver_permission VALUES (131, 'com.ontimize.hr.api.core.service.ISpecialOffersProductsService/specialOfferProductQuery');
INSERT INTO public.tserver_permission VALUES (132, 'com.ontimize.hr.api.core.service.ISpecialOffersProductsService/specialOfferProductInsert');
INSERT INTO public.tserver_permission VALUES (133, 'com.ontimize.hr.api.core.service.ISpecialOffersProductsService/specialOfferProductUpdate');
INSERT INTO public.tserver_permission VALUES (134, 'com.ontimize.hr.api.core.service.ISpecialOffersProductsService/specialOfferProductDelete');
INSERT INTO public.tserver_permission VALUES (135, 'com.ontimize.hr.api.core.service.ISpecialOffersProductsService/specialOfferProductAdd');
INSERT INTO public.tserver_permission VALUES (136, 'com.ontimize.hr.api.core.service.ISpecialOffersProductsService/specialOfferProductModify');
INSERT INTO public.tserver_permission VALUES (137, 'com.ontimize.hr.api.core.service.ISpecialOffersProductsService/specialOfferProductRemove');
INSERT INTO public.tserver_permission VALUES (138, 'com.ontimize.hr.api.core.service.IBirthdayService/setEnabledServiceBirthdayMail');


--
-- TOC entry 3254 (class 0 OID 202449)
-- Dependencies: 205
-- Data for Name: tsetting; Type: TABLE DATA; Schema: public; Owner: -
--

INSERT INTO public.tsetting VALUES (0, 'mail_host', 'smtp.gmail.com', 'Host del servidor');
INSERT INTO public.tsetting VALUES (1, 'mail_port', '587', 'Puerto del servidor de email');
INSERT INTO public.tsetting VALUES (2, 'mail_protocol', 'smtp', 'Protocolo de env\u005cu00edo de mails');
INSERT INTO public.tsetting VALUES (3, 'mail_user', 'mi.mail@example.com', 'Usuario para el env\u005cu00edo de mails');
INSERT INTO public.tsetting VALUES (4, 'mail_password', 'mis_credenciales', 'Password del servidor de mail');
INSERT INTO public.tsetting VALUES (5, 'mail_encoding', 'UTF-8', 'Codificaci\u005cu00f3n de mails');
INSERT INTO public.tsetting VALUES (6, 'mail_properties', 'mail.smtp.auth:true;mail.smtp.starttls.enable:true;', 'Propiedades de mails');
INSERT INTO public.tsetting VALUES (7, 'report_folder', 'C:/applications/ontimize-boot-app/reports', 'Carpeta de las plantillas de report');


--
-- TOC entry 3245 (class 0 OID 202395)
-- Dependencies: 196
-- Data for Name: tuser; Type: TABLE DATA; Schema: public; Owner: -
--

INSERT INTO public.tuser VALUES ('god', 'password', 'name', 'surname', NULL, '44460713B', NULL, NULL, NULL);
INSERT INTO public.tuser VALUES ('juan', 'password', 'Juan', 'Perico', 'juan-perioc@examlpe.com', '11223344J', NULL, '2022-08-31 08:19:27.764639', true);
INSERT INTO public.tuser VALUES ('mario', 'password', 'Mario', 'Perico', 'mario-perioc@examlpe.com', '11223355J', NULL, '2022-08-31 08:19:27.786596', true);
INSERT INTO public.tuser VALUES ('carlos', 'password', 'Carlos', 'Perico', 'Carlos-perioc@examlpe.com', '11223366J', NULL, '2022-08-31 08:19:27.812633', true);
INSERT INTO public.tuser VALUES ('miguel', 'password', 'Miguel', 'Perico', 'miguel-perioc@examlpe.com', '11223366J', NULL, '2022-08-31 08:19:27.829749', true);


--
-- TOC entry 3256 (class 0 OID 202459)
-- Dependencies: 207
-- Data for Name: tuser_preference; Type: TABLE DATA; Schema: public; Owner: -
--

INSERT INTO public.tuser_preference VALUES (0, 'user_preference', 'demo', 'Iw0KI1R1ZSBNYXkgMTYgMTI6NTc6MDYgQ0VTVCAyMDE3DQpkZW1vX2FwcF9zdGF0dXNfYmFyX3Zpc2libGU9eWVzDQpkZW1vX2FkanVzdF90cmVlX3NwYWNlPXRydWUNCmRlbW9fYXBwX3dpbmRvd19zdGF0ZT0wDQpkZW1vX3RhYmxlX2NvbmZfc29ydF9maWx0ZXJfZm9ybUN1c3RvbWVyLnhtbF9DdXN0b21lclNlcnZpY2UuY3VzdG9tZXJfVEVTVD1udWxsO251bGw7U1VSTkFNRVw9OThcOjF8SURcPTc1XDoyfE5BTUVcPTk5XDozfENVU1RPTUVSVFlQRUlEXD0wXDo0fENVU1RPTUVSSURcPTEyNVw6NXxBRERSRVNTXD0xMjNcOjZ8UEhPTkVcPTEyMVw6N3xTVEFSVERBVEVcPTEzNlw6OHxMT05HSVRVREVcPTExNlw6OXxMQVRJVFVERVw9MTEzXDoxMHxFTUFJTFw9MTcwXDoxMnw7QkFTRTY0ck8wQUJYTnlBQk5xWVhaaExuVjBhV3d1U0dGemFIUmhZbXhsRTdzUEpTRks1TGdEQUFKR0FBcHNiMkZrUm1GamRHOXlTUUFKZEdoeVpYTm9iMnhrZUhBL1FBQUFBQUFBQ0hjSUFBQUFDd0FBQUFCNA0KZGVtb190YWJsZV9jb25mX3NvcnRfZmlsdGVyX2NvbmZpZ3VyYXRpb25zX2Zvcm1DdXN0b21lci54bWxfQ3VzdG9tZXJTZXJ2aWNlLmN1c3RvbWVyPVRFU1QNCmRlbW9fdGFibGVfY29udHJvbF9wYW5lbF9mb3JtQWNjb3VudHMtZGV0YWlsLnhtbF9Nb3ZlbWVudFNlcnZpY2UubW92ZW1lbnQ9Z3JvdXB0YWJsZWtleTtkZWZhdWx0Y2hhcnRidXR0b247ZXhjZWxleHBvcnRidXR0b247c3Vtcm93YnV0dG9uO2NhbGN1bGVkY29sc2J1dHRvbjtwcmludGluZ2J1dHRvbjtmaWx0ZXJzYXZlYnV0dG9uO3Zpc2libGVjb2xzYnV0dG9uO2h0bWxleHBvcnRidXR0b247Y29weWJ1dHRvbjtncm91cHRhYmxla2V5O2luc2VydGJ1dHRvbjtyZWZyZXNoYnV0dG9uDQpkZW1vX2Zvcm1CcmFuY2hlcy1kZXRhaWwueG1sPTg4MDs1MDU7LTExNTA7MzY5DQpkZW1vX2RldGFpbF9kaWFsb2dfc2l6ZV9wb3NpdGlvbl9mb3JtQ3VzdG9tZXIueG1sX0N1c3RvbWVyU2VydmljZS5jdXN0b21lcj03NDk7MzUwOy0xOTA1OzM5MQ0KZGVtb19hcHBfdG9vbGJhcl9sb2NhdGlvbj1Ob3J0aA0KZGVtb19hcHBfd2luZG93X3Bvc2l0aW9uPS0xNTgwOzExDQpkZW1vX2FwcF93aW5kb3dfc2l6ZT0xNTg0OzEwNDQNCmRlbW9fZm9ybUVtcGxveWVlcy1kZXRhaWwueG1sPTExMTY7NzM5OzYxMDsxOTUNCmRlbW9fZm9ybUFjY291bnRzLWRldGFpbC54bWw9OTE1OzUwMDstMTE1MDszNjkNCg==');


--
-- TOC entry 3249 (class 0 OID 202414)
-- Dependencies: 200
-- Data for Name: tuser_role; Type: TABLE DATA; Schema: public; Owner: -
--

INSERT INTO public.tuser_role VALUES (1, 0, 'god');
INSERT INTO public.tuser_role VALUES (2, 1, 'juan');
INSERT INTO public.tuser_role VALUES (3, 2, 'mario');
INSERT INTO public.tuser_role VALUES (4, 3, 'miguel');
INSERT INTO public.tuser_role VALUES (5, 4, 'carlos');


--
-- TOC entry 3316 (class 0 OID 0)
-- Dependencies: 228
-- Name: booking_bok_id_seq; Type: SEQUENCE SET; Schema: public; Owner: -
--

SELECT pg_catalog.setval('public.booking_bok_id_seq', 8, true);


--
-- TOC entry 3317 (class 0 OID 0)
-- Dependencies: 246
-- Name: booking_details_bok_det_id_seq; Type: SEQUENCE SET; Schema: public; Owner: -
--

SELECT pg_catalog.setval('public.booking_details_bok_det_id_seq', 45, true);


--
-- TOC entry 3318 (class 0 OID 0)
-- Dependencies: 230
-- Name: booking_guest_bog_id_seq; Type: SEQUENCE SET; Schema: public; Owner: -
--

SELECT pg_catalog.setval('public.booking_guest_bog_id_seq', 1, false);


--
-- TOC entry 3319 (class 0 OID 0)
-- Dependencies: 258
-- Name: cancellations_can_id_seq; Type: SEQUENCE SET; Schema: public; Owner: -
--

SELECT pg_catalog.setval('public.cancellations_can_id_seq', 14, true);


--
-- TOC entry 3320 (class 0 OID 0)
-- Dependencies: 218
-- Name: client_cli_id_seq; Type: SEQUENCE SET; Schema: public; Owner: -
--

SELECT pg_catalog.setval('public.client_cli_id_seq', 100, true);


--
-- TOC entry 3321 (class 0 OID 0)
-- Dependencies: 254
-- Name: dates_season_dts_id_seq; Type: SEQUENCE SET; Schema: public; Owner: -
--

SELECT pg_catalog.setval('public.dates_season_dts_id_seq', 4, true);


--
-- TOC entry 3322 (class 0 OID 0)
-- Dependencies: 240
-- Name: details_type_det_id_seq; Type: SEQUENCE SET; Schema: public; Owner: -
--

SELECT pg_catalog.setval('public.details_type_det_id_seq', 5, true);


--
-- TOC entry 3323 (class 0 OID 0)
-- Dependencies: 238
-- Name: employee_clock_emp_clk_id_seq; Type: SEQUENCE SET; Schema: public; Owner: -
--

SELECT pg_catalog.setval('public.employee_clock_emp_clk_id_seq', 6, true);


--
-- TOC entry 3324 (class 0 OID 0)
-- Dependencies: 234
-- Name: employee_emp_id_seq; Type: SEQUENCE SET; Schema: public; Owner: -
--

SELECT pg_catalog.setval('public.employee_emp_id_seq', 4, true);


--
-- TOC entry 3325 (class 0 OID 0)
-- Dependencies: 236
-- Name: employee_schedule_emp_sch_id_seq; Type: SEQUENCE SET; Schema: public; Owner: -
--

SELECT pg_catalog.setval('public.employee_schedule_emp_sch_id_seq', 7, true);


--
-- TOC entry 3326 (class 0 OID 0)
-- Dependencies: 232
-- Name: employee_type_etyp_id_seq; Type: SEQUENCE SET; Schema: public; Owner: -
--

SELECT pg_catalog.setval('public.employee_type_etyp_id_seq', 3, true);


--
-- TOC entry 3327 (class 0 OID 0)
-- Dependencies: 214
-- Name: hotel_htl_id_seq; Type: SEQUENCE SET; Schema: public; Owner: -
--

SELECT pg_catalog.setval('public.hotel_htl_id_seq', 3, true);


--
-- TOC entry 3328 (class 0 OID 0)
-- Dependencies: 256
-- Name: offers_ofe_id_seq; Type: SEQUENCE SET; Schema: public; Owner: -
--

SELECT pg_catalog.setval('public.offers_ofe_id_seq', 3, true);


--
-- TOC entry 3329 (class 0 OID 0)
-- Dependencies: 248
-- Name: picture_pic_id_seq; Type: SEQUENCE SET; Schema: public; Owner: -
--

SELECT pg_catalog.setval('public.picture_pic_id_seq', 1, false);


--
-- TOC entry 3330 (class 0 OID 0)
-- Dependencies: 250
-- Name: room_status_record_rsr_id_seq; Type: SEQUENCE SET; Schema: public; Owner: -
--

SELECT pg_catalog.setval('public.room_status_record_rsr_id_seq', 1, false);


--
-- TOC entry 3331 (class 0 OID 0)
-- Dependencies: 220
-- Name: room_status_rsts_id_seq; Type: SEQUENCE SET; Schema: public; Owner: -
--

SELECT pg_catalog.setval('public.room_status_rsts_id_seq', 4, true);


--
-- TOC entry 3332 (class 0 OID 0)
-- Dependencies: 216
-- Name: room_type_rtyp_id_seq; Type: SEQUENCE SET; Schema: public; Owner: -
--

SELECT pg_catalog.setval('public.room_type_rtyp_id_seq', 3, true);


--
-- TOC entry 3333 (class 0 OID 0)
-- Dependencies: 252
-- Name: season_sea_id_seq; Type: SEQUENCE SET; Schema: public; Owner: -
--

SELECT pg_catalog.setval('public.season_sea_id_seq', 2, true);


--
-- TOC entry 3334 (class 0 OID 0)
-- Dependencies: 243
-- Name: special_offer_condition_socd_id_seq; Type: SEQUENCE SET; Schema: public; Owner: -
--

SELECT pg_catalog.setval('public.special_offer_condition_socd_id_seq', 6, true);


--
-- TOC entry 3335 (class 0 OID 0)
-- Dependencies: 225
-- Name: special_offer_sofr_id_seq; Type: SEQUENCE SET; Schema: public; Owner: -
--

SELECT pg_catalog.setval('public.special_offer_sofr_id_seq', 5, true);


--
-- TOC entry 3336 (class 0 OID 0)
-- Dependencies: 223
-- Name: status_booking_sta_bok_id_seq; Type: SEQUENCE SET; Schema: public; Owner: -
--

SELECT pg_catalog.setval('public.status_booking_sta_bok_id_seq', 3, true);


--
-- TOC entry 3337 (class 0 OID 0)
-- Dependencies: 208
-- Name: ti18n_id_i18n_seq; Type: SEQUENCE SET; Schema: public; Owner: -
--

SELECT pg_catalog.setval('public.ti18n_id_i18n_seq', 1, false);


--
-- TOC entry 3338 (class 0 OID 0)
-- Dependencies: 210
-- Name: ti18n_value_id_i18n_value_seq; Type: SEQUENCE SET; Schema: public; Owner: -
--

SELECT pg_catalog.setval('public.ti18n_value_id_i18n_value_seq', 34, false);


--
-- TOC entry 3339 (class 0 OID 0)
-- Dependencies: 197
-- Name: trole_id_rolename_seq; Type: SEQUENCE SET; Schema: public; Owner: -
--

SELECT pg_catalog.setval('public.trole_id_rolename_seq', 4, true);


--
-- TOC entry 3340 (class 0 OID 0)
-- Dependencies: 212
-- Name: trole_server_permission_id_role_server_permission_seq; Type: SEQUENCE SET; Schema: public; Owner: -
--

SELECT pg_catalog.setval('public.trole_server_permission_id_role_server_permission_seq', 323, true);


--
-- TOC entry 3341 (class 0 OID 0)
-- Dependencies: 201
-- Name: tserver_permission_id_server_permission_seq; Type: SEQUENCE SET; Schema: public; Owner: -
--

SELECT pg_catalog.setval('public.tserver_permission_id_server_permission_seq', 138, true);


--
-- TOC entry 3342 (class 0 OID 0)
-- Dependencies: 204
-- Name: tsetting_id_setting_seq; Type: SEQUENCE SET; Schema: public; Owner: -
--

SELECT pg_catalog.setval('public.tsetting_id_setting_seq', 1, false);


--
-- TOC entry 3343 (class 0 OID 0)
-- Dependencies: 206
-- Name: tuser_preference_id_user_preference_seq; Type: SEQUENCE SET; Schema: public; Owner: -
--

SELECT pg_catalog.setval('public.tuser_preference_id_user_preference_seq', 1, false);


--
-- TOC entry 3344 (class 0 OID 0)
-- Dependencies: 199
-- Name: tuser_role_id_user_role_seq; Type: SEQUENCE SET; Schema: public; Owner: -
--

SELECT pg_catalog.setval('public.tuser_role_id_user_role_seq', 5, true);


--
-- TOC entry 3070 (class 2606 OID 202772)
-- Name: booking_details booking_details_pkey; Type: CONSTRAINT; Schema: public; Owner: -
--

ALTER TABLE ONLY public.booking_details
    ADD CONSTRAINT booking_details_pkey PRIMARY KEY (bok_det_id);


--
-- TOC entry 3044 (class 2606 OID 202633)
-- Name: booking_guest booking_guest_pkey; Type: CONSTRAINT; Schema: public; Owner: -
--

ALTER TABLE ONLY public.booking_guest
    ADD CONSTRAINT booking_guest_pkey PRIMARY KEY (bog_id);


--
-- TOC entry 3042 (class 2606 OID 202606)
-- Name: booking booking_pkey; Type: CONSTRAINT; Schema: public; Owner: -
--

ALTER TABLE ONLY public.booking
    ADD CONSTRAINT booking_pkey PRIMARY KEY (bok_id);


--
-- TOC entry 3084 (class 2606 OID 202874)
-- Name: cancellations cancellations_pkey; Type: CONSTRAINT; Schema: public; Owner: -
--

ALTER TABLE ONLY public.cancellations
    ADD CONSTRAINT cancellations_pkey PRIMARY KEY (can_id);


--
-- TOC entry 3024 (class 2606 OID 202533)
-- Name: client client_pkey; Type: CONSTRAINT; Schema: public; Owner: -
--

ALTER TABLE ONLY public.client
    ADD CONSTRAINT client_pkey PRIMARY KEY (cli_id);


--
-- TOC entry 3080 (class 2606 OID 202840)
-- Name: dates_season dates_season_pkey; Type: CONSTRAINT; Schema: public; Owner: -
--

ALTER TABLE ONLY public.dates_season
    ADD CONSTRAINT dates_season_pkey PRIMARY KEY (dts_id);


--
-- TOC entry 3060 (class 2606 OID 202719)
-- Name: details_type details_type_pkey; Type: CONSTRAINT; Schema: public; Owner: -
--

ALTER TABLE ONLY public.details_type
    ADD CONSTRAINT details_type_pkey PRIMARY KEY (det_id);


--
-- TOC entry 3058 (class 2606 OID 202706)
-- Name: employee_clock employee_clock_pkey; Type: CONSTRAINT; Schema: public; Owner: -
--

ALTER TABLE ONLY public.employee_clock
    ADD CONSTRAINT employee_clock_pkey PRIMARY KEY (emp_clk_id);


--
-- TOC entry 3050 (class 2606 OID 202668)
-- Name: employee employee_pkey; Type: CONSTRAINT; Schema: public; Owner: -
--

ALTER TABLE ONLY public.employee
    ADD CONSTRAINT employee_pkey PRIMARY KEY (emp_id);


--
-- TOC entry 3056 (class 2606 OID 202694)
-- Name: employee_schedule employee_schedule_pkey; Type: CONSTRAINT; Schema: public; Owner: -
--

ALTER TABLE ONLY public.employee_schedule
    ADD CONSTRAINT employee_schedule_pkey PRIMARY KEY (emp_sch_id);


--
-- TOC entry 3046 (class 2606 OID 202650)
-- Name: employee_type employee_type_pkey; Type: CONSTRAINT; Schema: public; Owner: -
--

ALTER TABLE ONLY public.employee_type
    ADD CONSTRAINT employee_type_pkey PRIMARY KEY (etyp_id);


--
-- TOC entry 3076 (class 2606 OID 202833)
-- Name: season fk_unique_name; Type: CONSTRAINT; Schema: public; Owner: -
--

ALTER TABLE ONLY public.season
    ADD CONSTRAINT fk_unique_name UNIQUE (sea_name);


--
-- TOC entry 3016 (class 2606 OID 202511)
-- Name: hotel hotel_pkey; Type: CONSTRAINT; Schema: public; Owner: -
--

ALTER TABLE ONLY public.hotel
    ADD CONSTRAINT hotel_pkey PRIMARY KEY (htl_id);


--
-- TOC entry 3082 (class 2606 OID 202857)
-- Name: offers offers_pkey; Type: CONSTRAINT; Schema: public; Owner: -
--

ALTER TABLE ONLY public.offers
    ADD CONSTRAINT offers_pkey PRIMARY KEY (ofe_id);


--
-- TOC entry 3072 (class 2606 OID 202792)
-- Name: picture picture_pkey; Type: CONSTRAINT; Schema: public; Owner: -
--

ALTER TABLE ONLY public.picture
    ADD CONSTRAINT picture_pkey PRIMARY KEY (pic_id);


--
-- TOC entry 3068 (class 2606 OID 202754)
-- Name: details_type_hotel pk_details_type_hotel; Type: CONSTRAINT; Schema: public; Owner: -
--

ALTER TABLE ONLY public.details_type_hotel
    ADD CONSTRAINT pk_details_type_hotel PRIMARY KEY (dhtl_htl_id, dhtl_det_id);


--
-- TOC entry 3040 (class 2606 OID 202589)
-- Name: special_offer_code pk_ofcd; Type: CONSTRAINT; Schema: public; Owner: -
--

ALTER TABLE ONLY public.special_offer_code
    ADD CONSTRAINT pk_ofcd PRIMARY KEY (ofcd_sofr_id, ofcd_code);


--
-- TOC entry 3032 (class 2606 OID 202550)
-- Name: room pk_room; Type: CONSTRAINT; Schema: public; Owner: -
--

ALTER TABLE ONLY public.room
    ADD CONSTRAINT pk_room PRIMARY KEY (rom_htl_id, rom_number);


--
-- TOC entry 3064 (class 2606 OID 202726)
-- Name: special_offer_product pk_special_offer_product; Type: CONSTRAINT; Schema: public; Owner: -
--

ALTER TABLE ONLY public.special_offer_product
    ADD CONSTRAINT pk_special_offer_product PRIMARY KEY (sopt_det_id, sopt_sofr_id);


--
-- TOC entry 3030 (class 2606 OID 202544)
-- Name: room_status room_status_pkey; Type: CONSTRAINT; Schema: public; Owner: -
--

ALTER TABLE ONLY public.room_status
    ADD CONSTRAINT room_status_pkey PRIMARY KEY (rsts_id);


--
-- TOC entry 3074 (class 2606 OID 202809)
-- Name: room_status_record room_status_record_pkey; Type: CONSTRAINT; Schema: public; Owner: -
--

ALTER TABLE ONLY public.room_status_record
    ADD CONSTRAINT room_status_record_pkey PRIMARY KEY (rsr_id);


--
-- TOC entry 3020 (class 2606 OID 202521)
-- Name: room_type room_type_pkey; Type: CONSTRAINT; Schema: public; Owner: -
--

ALTER TABLE ONLY public.room_type
    ADD CONSTRAINT room_type_pkey PRIMARY KEY (rtyp_id);


--
-- TOC entry 3078 (class 2606 OID 202831)
-- Name: season season_pkey; Type: CONSTRAINT; Schema: public; Owner: -
--

ALTER TABLE ONLY public.season
    ADD CONSTRAINT season_pkey PRIMARY KEY (sea_id);


--
-- TOC entry 3066 (class 2606 OID 202743)
-- Name: special_offer_condition special_offer_condition_pkey; Type: CONSTRAINT; Schema: public; Owner: -
--

ALTER TABLE ONLY public.special_offer_condition
    ADD CONSTRAINT special_offer_condition_pkey PRIMARY KEY (socd_id);


--
-- TOC entry 3038 (class 2606 OID 202583)
-- Name: special_offer special_offer_pkey; Type: CONSTRAINT; Schema: public; Owner: -
--

ALTER TABLE ONLY public.special_offer
    ADD CONSTRAINT special_offer_pkey PRIMARY KEY (sofr_id);


--
-- TOC entry 3034 (class 2606 OID 202572)
-- Name: status_booking status_booking_pkey; Type: CONSTRAINT; Schema: public; Owner: -
--

ALTER TABLE ONLY public.status_booking
    ADD CONSTRAINT status_booking_pkey PRIMARY KEY (sta_bok_id);


--
-- TOC entry 3010 (class 2606 OID 202473)
-- Name: ti18n ti18n_pkey; Type: CONSTRAINT; Schema: public; Owner: -
--

ALTER TABLE ONLY public.ti18n
    ADD CONSTRAINT ti18n_pkey PRIMARY KEY (id_i18n);


--
-- TOC entry 3012 (class 2606 OID 202483)
-- Name: ti18n_value ti18n_value_pkey; Type: CONSTRAINT; Schema: public; Owner: -
--

ALTER TABLE ONLY public.ti18n_value
    ADD CONSTRAINT ti18n_value_pkey PRIMARY KEY (id_i18n_value);


--
-- TOC entry 3004 (class 2606 OID 202446)
-- Name: trequest_statistics trequest_statistics_pkey; Type: CONSTRAINT; Schema: public; Owner: -
--

ALTER TABLE ONLY public.trequest_statistics
    ADD CONSTRAINT trequest_statistics_pkey PRIMARY KEY (id_request_statistics);


--
-- TOC entry 2998 (class 2606 OID 202411)
-- Name: trole trole_pkey; Type: CONSTRAINT; Schema: public; Owner: -
--

ALTER TABLE ONLY public.trole
    ADD CONSTRAINT trole_pkey PRIMARY KEY (id_rolename);


--
-- TOC entry 3014 (class 2606 OID 202490)
-- Name: trole_server_permission trole_server_permission_pkey; Type: CONSTRAINT; Schema: public; Owner: -
--

ALTER TABLE ONLY public.trole_server_permission
    ADD CONSTRAINT trole_server_permission_pkey PRIMARY KEY (id_role_server_permission);


--
-- TOC entry 3002 (class 2606 OID 202438)
-- Name: tserver_permission tserver_permission_pkey; Type: CONSTRAINT; Schema: public; Owner: -
--

ALTER TABLE ONLY public.tserver_permission
    ADD CONSTRAINT tserver_permission_pkey PRIMARY KEY (id_server_permission);


--
-- TOC entry 3006 (class 2606 OID 202456)
-- Name: tsetting tsetting_pkey; Type: CONSTRAINT; Schema: public; Owner: -
--

ALTER TABLE ONLY public.tsetting
    ADD CONSTRAINT tsetting_pkey PRIMARY KEY (id_setting);


--
-- TOC entry 2996 (class 2606 OID 202401)
-- Name: tuser tuser_pkey; Type: CONSTRAINT; Schema: public; Owner: -
--

ALTER TABLE ONLY public.tuser
    ADD CONSTRAINT tuser_pkey PRIMARY KEY (user_);


--
-- TOC entry 3008 (class 2606 OID 202466)
-- Name: tuser_preference tuser_preference_pkey; Type: CONSTRAINT; Schema: public; Owner: -
--

ALTER TABLE ONLY public.tuser_preference
    ADD CONSTRAINT tuser_preference_pkey PRIMARY KEY (id_user_preference);


--
-- TOC entry 3000 (class 2606 OID 202418)
-- Name: tuser_role tuser_role_pkey; Type: CONSTRAINT; Schema: public; Owner: -
--

ALTER TABLE ONLY public.tuser_role
    ADD CONSTRAINT tuser_role_pkey PRIMARY KEY (id_user_role);


--
-- TOC entry 3026 (class 2606 OID 202535)
-- Name: client uq_client_cli_birthday_cli_identification; Type: CONSTRAINT; Schema: public; Owner: -
--

ALTER TABLE ONLY public.client
    ADD CONSTRAINT uq_client_cli_birthday_cli_identification UNIQUE (cli_identification, cli_birthday);


--
-- TOC entry 3028 (class 2606 OID 202537)
-- Name: client uq_client_cli_email; Type: CONSTRAINT; Schema: public; Owner: -
--

ALTER TABLE ONLY public.client
    ADD CONSTRAINT uq_client_cli_email UNIQUE (cli_email);


--
-- TOC entry 3062 (class 2606 OID 202721)
-- Name: details_type uq_code_det; Type: CONSTRAINT; Schema: public; Owner: -
--

ALTER TABLE ONLY public.details_type
    ADD CONSTRAINT uq_code_det UNIQUE (det_code);


--
-- TOC entry 3036 (class 2606 OID 202574)
-- Name: status_booking uq_code_status; Type: CONSTRAINT; Schema: public; Owner: -
--

ALTER TABLE ONLY public.status_booking
    ADD CONSTRAINT uq_code_status UNIQUE (sta_bok_code);


--
-- TOC entry 3052 (class 2606 OID 202670)
-- Name: employee uq_emp_identification; Type: CONSTRAINT; Schema: public; Owner: -
--

ALTER TABLE ONLY public.employee
    ADD CONSTRAINT uq_emp_identification UNIQUE (emp_identification);


--
-- TOC entry 3054 (class 2606 OID 202672)
-- Name: employee uq_emp_usr_user; Type: CONSTRAINT; Schema: public; Owner: -
--

ALTER TABLE ONLY public.employee
    ADD CONSTRAINT uq_emp_usr_user UNIQUE (emp_usr_user);


--
-- TOC entry 3048 (class 2606 OID 202652)
-- Name: employee_type uq_etyp_name; Type: CONSTRAINT; Schema: public; Owner: -
--

ALTER TABLE ONLY public.employee_type
    ADD CONSTRAINT uq_etyp_name UNIQUE (etyp_name);


--
-- TOC entry 3018 (class 2606 OID 202513)
-- Name: hotel uq_hotel_htl_email; Type: CONSTRAINT; Schema: public; Owner: -
--

ALTER TABLE ONLY public.hotel
    ADD CONSTRAINT uq_hotel_htl_email UNIQUE (htl_email);


--
-- TOC entry 3022 (class 2606 OID 202523)
-- Name: room_type uq_room_type_rtyp_name; Type: CONSTRAINT; Schema: public; Owner: -
--

ALTER TABLE ONLY public.room_type
    ADD CONSTRAINT uq_room_type_rtyp_name UNIQUE (rtyp_name);


--
-- TOC entry 3110 (class 2606 OID 202773)
-- Name: booking_details fk_bok_id; Type: FK CONSTRAINT; Schema: public; Owner: -
--

ALTER TABLE ONLY public.booking_details
    ADD CONSTRAINT fk_bok_id FOREIGN KEY (bok_det_bok_id) REFERENCES public.booking(bok_id);


--
-- TOC entry 3121 (class 2606 OID 202875)
-- Name: cancellations fk_can_htl; Type: FK CONSTRAINT; Schema: public; Owner: -
--

ALTER TABLE ONLY public.cancellations
    ADD CONSTRAINT fk_can_htl FOREIGN KEY (can_htl_id) REFERENCES public.hotel(htl_id);


--
-- TOC entry 3122 (class 2606 OID 202880)
-- Name: cancellations fk_can_rtyp; Type: FK CONSTRAINT; Schema: public; Owner: -
--

ALTER TABLE ONLY public.cancellations
    ADD CONSTRAINT fk_can_rtyp FOREIGN KEY (can_rtyp) REFERENCES public.room_type(rtyp_id);


--
-- TOC entry 3123 (class 2606 OID 202885)
-- Name: cancellations fk_can_sea; Type: FK CONSTRAINT; Schema: public; Owner: -
--

ALTER TABLE ONLY public.cancellations
    ADD CONSTRAINT fk_can_sea FOREIGN KEY (can_sea_id) REFERENCES public.season(sea_id);


--
-- TOC entry 3093 (class 2606 OID 202607)
-- Name: booking fk_client_booking; Type: FK CONSTRAINT; Schema: public; Owner: -
--

ALTER TABLE ONLY public.booking
    ADD CONSTRAINT fk_client_booking FOREIGN KEY (bok_cli_id) REFERENCES public.client(cli_id);


--
-- TOC entry 3111 (class 2606 OID 202778)
-- Name: booking_details fk_details_type; Type: FK CONSTRAINT; Schema: public; Owner: -
--

ALTER TABLE ONLY public.booking_details
    ADD CONSTRAINT fk_details_type FOREIGN KEY (bok_det_type) REFERENCES public.details_type(det_id);


--
-- TOC entry 3109 (class 2606 OID 202760)
-- Name: details_type_hotel fk_dhtl_det; Type: FK CONSTRAINT; Schema: public; Owner: -
--

ALTER TABLE ONLY public.details_type_hotel
    ADD CONSTRAINT fk_dhtl_det FOREIGN KEY (dhtl_det_id) REFERENCES public.details_type(det_id);


--
-- TOC entry 3108 (class 2606 OID 202755)
-- Name: details_type_hotel fk_dhtl_htl; Type: FK CONSTRAINT; Schema: public; Owner: -
--

ALTER TABLE ONLY public.details_type_hotel
    ADD CONSTRAINT fk_dhtl_htl FOREIGN KEY (dhtl_htl_id) REFERENCES public.hotel(htl_id);


--
-- TOC entry 3103 (class 2606 OID 202695)
-- Name: employee_schedule fk_emp_id; Type: FK CONSTRAINT; Schema: public; Owner: -
--

ALTER TABLE ONLY public.employee_schedule
    ADD CONSTRAINT fk_emp_id FOREIGN KEY (emp_sch_emp_id) REFERENCES public.employee(emp_id);


--
-- TOC entry 3104 (class 2606 OID 202707)
-- Name: employee_clock fk_emp_sch_id; Type: FK CONSTRAINT; Schema: public; Owner: -
--

ALTER TABLE ONLY public.employee_clock
    ADD CONSTRAINT fk_emp_sch_id FOREIGN KEY (emp_clk_emp_id) REFERENCES public.employee(emp_id);


--
-- TOC entry 3101 (class 2606 OID 202678)
-- Name: employee fk_employee_hotel; Type: FK CONSTRAINT; Schema: public; Owner: -
--

ALTER TABLE ONLY public.employee
    ADD CONSTRAINT fk_employee_hotel FOREIGN KEY (emp_htl_id) REFERENCES public.hotel(htl_id);


--
-- TOC entry 3100 (class 2606 OID 202673)
-- Name: employee fk_employee_type_employee; Type: FK CONSTRAINT; Schema: public; Owner: -
--

ALTER TABLE ONLY public.employee
    ADD CONSTRAINT fk_employee_type_employee FOREIGN KEY (emp_etyp_id) REFERENCES public.employee_type(etyp_id);


--
-- TOC entry 3099 (class 2606 OID 202653)
-- Name: employee_type fk_employee_type_trole; Type: FK CONSTRAINT; Schema: public; Owner: -
--

ALTER TABLE ONLY public.employee_type
    ADD CONSTRAINT fk_employee_type_trole FOREIGN KEY (etyp_role_id) REFERENCES public.trole(id_rolename);


--
-- TOC entry 3102 (class 2606 OID 202683)
-- Name: employee fk_employee_user; Type: FK CONSTRAINT; Schema: public; Owner: -
--

ALTER TABLE ONLY public.employee
    ADD CONSTRAINT fk_employee_user FOREIGN KEY (emp_usr_user) REFERENCES public.tuser(user_);


--
-- TOC entry 3097 (class 2606 OID 202634)
-- Name: booking_guest fk_guest_booking_id; Type: FK CONSTRAINT; Schema: public; Owner: -
--

ALTER TABLE ONLY public.booking_guest
    ADD CONSTRAINT fk_guest_booking_id FOREIGN KEY (bog_bok_id) REFERENCES public.booking(bok_id);


--
-- TOC entry 3098 (class 2606 OID 202639)
-- Name: booking_guest fk_guest_client_id; Type: FK CONSTRAINT; Schema: public; Owner: -
--

ALTER TABLE ONLY public.booking_guest
    ADD CONSTRAINT fk_guest_client_id FOREIGN KEY (bog_cli_id) REFERENCES public.client(cli_id);


--
-- TOC entry 3091 (class 2606 OID 202561)
-- Name: room fk_hotel_room; Type: FK CONSTRAINT; Schema: public; Owner: -
--

ALTER TABLE ONLY public.room
    ADD CONSTRAINT fk_hotel_room FOREIGN KEY (rom_htl_id) REFERENCES public.hotel(htl_id);


--
-- TOC entry 3119 (class 2606 OID 202858)
-- Name: offers fk_htl_offer; Type: FK CONSTRAINT; Schema: public; Owner: -
--

ALTER TABLE ONLY public.offers
    ADD CONSTRAINT fk_htl_offer FOREIGN KEY (ofe_htl_id) REFERENCES public.hotel(htl_id);


--
-- TOC entry 3117 (class 2606 OID 202841)
-- Name: dates_season fk_htl_season; Type: FK CONSTRAINT; Schema: public; Owner: -
--

ALTER TABLE ONLY public.dates_season
    ADD CONSTRAINT fk_htl_season FOREIGN KEY (dts_htl_id) REFERENCES public.hotel(htl_id);


--
-- TOC entry 3114 (class 2606 OID 202810)
-- Name: room_status_record fk_htl_status_record; Type: FK CONSTRAINT; Schema: public; Owner: -
--

ALTER TABLE ONLY public.room_status_record
    ADD CONSTRAINT fk_htl_status_record FOREIGN KEY (rsr_htl_id) REFERENCES public.hotel(htl_id);


--
-- TOC entry 3112 (class 2606 OID 202793)
-- Name: picture fk_pic_htl_id; Type: FK CONSTRAINT; Schema: public; Owner: -
--

ALTER TABLE ONLY public.picture
    ADD CONSTRAINT fk_pic_htl_id FOREIGN KEY (pic_htl_id) REFERENCES public.hotel(htl_id);


--
-- TOC entry 3113 (class 2606 OID 202798)
-- Name: picture fk_pic_rom_typ; Type: FK CONSTRAINT; Schema: public; Owner: -
--

ALTER TABLE ONLY public.picture
    ADD CONSTRAINT fk_pic_rom_typ FOREIGN KEY (pic_rom_typ) REFERENCES public.room_type(rtyp_id);


--
-- TOC entry 3115 (class 2606 OID 202815)
-- Name: room_status_record fk_rom_number_status_record; Type: FK CONSTRAINT; Schema: public; Owner: -
--

ALTER TABLE ONLY public.room_status_record
    ADD CONSTRAINT fk_rom_number_status_record FOREIGN KEY (rsr_rom_number, rsr_htl_id) REFERENCES public.room(rom_number, rom_htl_id);


--
-- TOC entry 3116 (class 2606 OID 202820)
-- Name: room_status_record fk_rom_rsts_id_status_record; Type: FK CONSTRAINT; Schema: public; Owner: -
--

ALTER TABLE ONLY public.room_status_record
    ADD CONSTRAINT fk_rom_rsts_id_status_record FOREIGN KEY (rsr_rom_rsts_id) REFERENCES public.room_status(rsts_id);


--
-- TOC entry 3120 (class 2606 OID 202863)
-- Name: offers fk_rom_typ_offer; Type: FK CONSTRAINT; Schema: public; Owner: -
--

ALTER TABLE ONLY public.offers
    ADD CONSTRAINT fk_rom_typ_offer FOREIGN KEY (ofe_rom_typ_id) REFERENCES public.room_type(rtyp_id);


--
-- TOC entry 3094 (class 2606 OID 202612)
-- Name: booking fk_room_booking; Type: FK CONSTRAINT; Schema: public; Owner: -
--

ALTER TABLE ONLY public.booking
    ADD CONSTRAINT fk_room_booking FOREIGN KEY (bok_rom_number, bok_htl_id) REFERENCES public.room(rom_number, rom_htl_id);


--
-- TOC entry 3089 (class 2606 OID 202551)
-- Name: room fk_room_room_status; Type: FK CONSTRAINT; Schema: public; Owner: -
--

ALTER TABLE ONLY public.room
    ADD CONSTRAINT fk_room_room_status FOREIGN KEY (rom_rsts_id) REFERENCES public.room_status(rsts_id);


--
-- TOC entry 3118 (class 2606 OID 202846)
-- Name: dates_season fk_season_id_dates; Type: FK CONSTRAINT; Schema: public; Owner: -
--

ALTER TABLE ONLY public.dates_season
    ADD CONSTRAINT fk_season_id_dates FOREIGN KEY (dts_sea_id) REFERENCES public.season(sea_id);


--
-- TOC entry 3107 (class 2606 OID 202744)
-- Name: special_offer_condition fk_socd_sofr; Type: FK CONSTRAINT; Schema: public; Owner: -
--

ALTER TABLE ONLY public.special_offer_condition
    ADD CONSTRAINT fk_socd_sofr FOREIGN KEY (socd_sofr_id) REFERENCES public.special_offer(sofr_id);


--
-- TOC entry 3096 (class 2606 OID 202622)
-- Name: booking fk_soffer_id; Type: FK CONSTRAINT; Schema: public; Owner: -
--

ALTER TABLE ONLY public.booking
    ADD CONSTRAINT fk_soffer_id FOREIGN KEY (bok_soffer_id) REFERENCES public.special_offer(sofr_id);


--
-- TOC entry 3092 (class 2606 OID 202590)
-- Name: special_offer_code fk_sofr; Type: FK CONSTRAINT; Schema: public; Owner: -
--

ALTER TABLE ONLY public.special_offer_code
    ADD CONSTRAINT fk_sofr FOREIGN KEY (ofcd_sofr_id) REFERENCES public.special_offer(sofr_id);


--
-- TOC entry 3105 (class 2606 OID 202727)
-- Name: special_offer_product fk_sopt_det; Type: FK CONSTRAINT; Schema: public; Owner: -
--

ALTER TABLE ONLY public.special_offer_product
    ADD CONSTRAINT fk_sopt_det FOREIGN KEY (sopt_det_id) REFERENCES public.details_type(det_id);


--
-- TOC entry 3106 (class 2606 OID 202732)
-- Name: special_offer_product fk_sopt_sofr; Type: FK CONSTRAINT; Schema: public; Owner: -
--

ALTER TABLE ONLY public.special_offer_product
    ADD CONSTRAINT fk_sopt_sofr FOREIGN KEY (sopt_sofr_id) REFERENCES public.special_offer(sofr_id);


--
-- TOC entry 3095 (class 2606 OID 202617)
-- Name: booking fk_status_code; Type: FK CONSTRAINT; Schema: public; Owner: -
--

ALTER TABLE ONLY public.booking
    ADD CONSTRAINT fk_status_code FOREIGN KEY (bok_status_code) REFERENCES public.status_booking(sta_bok_code);


--
-- TOC entry 3086 (class 2606 OID 202424)
-- Name: tuser_role fk_trole; Type: FK CONSTRAINT; Schema: public; Owner: -
--

ALTER TABLE ONLY public.tuser_role
    ADD CONSTRAINT fk_trole FOREIGN KEY (id_rolename) REFERENCES public.trole(id_rolename);


--
-- TOC entry 3087 (class 2606 OID 202491)
-- Name: trole_server_permission fk_trole_server_permission; Type: FK CONSTRAINT; Schema: public; Owner: -
--

ALTER TABLE ONLY public.trole_server_permission
    ADD CONSTRAINT fk_trole_server_permission FOREIGN KEY (id_rolename) REFERENCES public.trole(id_rolename);


--
-- TOC entry 3088 (class 2606 OID 202496)
-- Name: trole_server_permission fk_tserver_permission; Type: FK CONSTRAINT; Schema: public; Owner: -
--

ALTER TABLE ONLY public.trole_server_permission
    ADD CONSTRAINT fk_tserver_permission FOREIGN KEY (id_server_permission) REFERENCES public.tserver_permission(id_server_permission);


--
-- TOC entry 3085 (class 2606 OID 202419)
-- Name: tuser_role fk_tuser; Type: FK CONSTRAINT; Schema: public; Owner: -
--

ALTER TABLE ONLY public.tuser_role
    ADD CONSTRAINT fk_tuser FOREIGN KEY (user_) REFERENCES public.tuser(user_);


--
-- TOC entry 3090 (class 2606 OID 202556)
-- Name: room fk_type_room; Type: FK CONSTRAINT; Schema: public; Owner: -
--

ALTER TABLE ONLY public.room
    ADD CONSTRAINT fk_type_room FOREIGN KEY (rom_typ_id) REFERENCES public.room_type(rtyp_id);


-- Completed on 2023-02-02 12:36:01

--
-- PostgreSQL database dump complete
--

